MinMax of Q1 (under 10),MinMax of Q2 (under 10),MinMax of Q1 (over 10),MinMax of Q2 (over 10),No. of refreshes,rank1,No. of no space,No. of no inventory,rank2,sum of missing units
"(3, 4)","(3, 4)","(4, 18)","(4, 18)",2333,4,0,59,1,51335
"(3, 4)","(3, 5)","(4, 18)","(4, 18)",2333,4,0,59,1,51335
"(3, 4)","(4, 5)","(4, 18)","(4, 18)",2333,4,0,59,1,51335
"(3, 5)","(3, 4)","(4, 18)","(4, 18)",2333,4,0,59,1,51335
"(3, 5)","(3, 5)","(4, 18)","(4, 18)",2333,4,0,59,1,51335
"(3, 5)","(4, 5)","(4, 18)","(4, 18)",2333,4,0,59,1,51335
"(4, 5)","(3, 4)","(4, 18)","(4, 18)",2333,4,0,59,1,51335
"(4, 5)","(3, 5)","(4, 18)","(4, 18)",2333,4,0,59,1,51335
"(4, 5)","(4, 5)","(4, 18)","(4, 18)",2333,4,0,59,1,51335
"(3, 4)","(3, 4)","(4, 18)","(4, 12)",2909,22,0,63,2,53757
"(3, 4)","(3, 5)","(4, 18)","(4, 12)",2909,22,0,63,2,53757
"(3, 4)","(4, 5)","(4, 18)","(4, 12)",2909,22,0,63,2,53757
"(3, 5)","(3, 4)","(4, 18)","(4, 12)",2909,22,0,63,2,53757
"(3, 5)","(3, 5)","(4, 18)","(4, 12)",2909,22,0,63,2,53757
"(3, 5)","(4, 5)","(4, 18)","(4, 12)",2909,22,0,63,2,53757
"(4, 5)","(3, 4)","(4, 18)","(4, 12)",2909,22,0,63,2,53757
"(4, 5)","(3, 5)","(4, 18)","(4, 12)",2909,22,0,63,2,53757
"(4, 5)","(4, 5)","(4, 18)","(4, 12)",2909,22,0,63,2,53757
"(3, 4)","(3, 4)","(4, 18)","(4, 15)",2561,11,0,65,3,53173
"(3, 4)","(3, 5)","(4, 18)","(4, 15)",2561,11,0,65,3,53173
"(3, 4)","(4, 5)","(4, 18)","(4, 15)",2561,11,0,65,3,53173
"(3, 5)","(3, 4)","(4, 18)","(4, 15)",2561,11,0,65,3,53173
"(3, 5)","(3, 5)","(4, 18)","(4, 15)",2561,11,0,65,3,53173
"(3, 5)","(4, 5)","(4, 18)","(4, 15)",2561,11,0,65,3,53173
"(4, 5)","(3, 4)","(4, 18)","(4, 15)",2561,11,0,65,3,53173
"(4, 5)","(3, 5)","(4, 18)","(4, 15)",2561,11,0,65,3,53173
"(4, 5)","(4, 5)","(4, 18)","(4, 15)",2561,11,0,65,3,53173
"(3, 4)","(3, 4)","(4, 15)","(4, 18)",2626,12,0,71,4,60396
"(3, 4)","(3, 5)","(4, 15)","(4, 18)",2626,12,0,71,4,60396
"(3, 4)","(4, 5)","(4, 15)","(4, 18)",2626,12,0,71,4,60396
"(3, 5)","(3, 4)","(4, 15)","(4, 18)",2626,12,0,71,4,60396
"(3, 5)","(3, 5)","(4, 15)","(4, 18)",2626,12,0,71,4,60396
"(3, 5)","(4, 5)","(4, 15)","(4, 18)",2626,12,0,71,4,60396
"(4, 5)","(3, 4)","(4, 15)","(4, 18)",2626,12,0,71,4,60396
"(4, 5)","(3, 5)","(4, 15)","(4, 18)",2626,12,0,71,4,60396
"(4, 5)","(4, 5)","(4, 15)","(4, 18)",2626,12,0,71,4,60396
"(3, 4)","(3, 4)","(4, 18)","(3, 18)",2242,3,0,73,5,57376
"(3, 4)","(3, 5)","(4, 18)","(3, 18)",2242,3,0,73,5,57376
"(3, 4)","(4, 5)","(4, 18)","(3, 18)",2242,3,0,73,5,57376
"(3, 5)","(3, 4)","(4, 18)","(3, 18)",2242,3,0,73,5,57376
"(3, 5)","(3, 5)","(4, 18)","(3, 18)",2242,3,0,73,5,57376
"(3, 5)","(4, 5)","(4, 18)","(3, 18)",2242,3,0,73,5,57376
"(4, 5)","(3, 4)","(4, 18)","(3, 18)",2242,3,0,73,5,57376
"(4, 5)","(3, 5)","(4, 18)","(3, 18)",2242,3,0,73,5,57376
"(4, 5)","(4, 5)","(4, 18)","(3, 18)",2242,3,0,73,5,57376
"(3, 4)","(3, 4)","(4, 15)","(4, 15)",2845,20,0,73,5,61807
"(3, 4)","(3, 5)","(4, 15)","(4, 15)",2845,20,0,73,5,61807
"(3, 4)","(4, 5)","(4, 15)","(4, 15)",2845,20,0,73,5,61807
"(3, 5)","(3, 4)","(4, 15)","(4, 15)",2845,20,0,73,5,61807
"(3, 5)","(3, 5)","(4, 15)","(4, 15)",2845,20,0,73,5,61807
"(3, 5)","(4, 5)","(4, 15)","(4, 15)",2845,20,0,73,5,61807
"(4, 5)","(3, 4)","(4, 15)","(4, 15)",2845,20,0,73,5,61807
"(4, 5)","(3, 5)","(4, 15)","(4, 15)",2845,20,0,73,5,61807
"(4, 5)","(4, 5)","(4, 15)","(4, 15)",2845,20,0,73,5,61807
"(3, 4)","(3, 4)","(4, 18)","(4, 10)",3347,39,0,77,6,59891
"(3, 4)","(3, 5)","(4, 18)","(4, 10)",3347,39,0,77,6,59891
"(3, 4)","(4, 5)","(4, 18)","(4, 10)",3347,39,0,77,6,59891
"(3, 5)","(3, 4)","(4, 18)","(4, 10)",3347,39,0,77,6,59891
"(3, 5)","(3, 5)","(4, 18)","(4, 10)",3347,39,0,77,6,59891
"(3, 5)","(4, 5)","(4, 18)","(4, 10)",3347,39,0,77,6,59891
"(4, 5)","(3, 4)","(4, 18)","(4, 10)",3347,39,0,77,6,59891
"(4, 5)","(3, 5)","(4, 18)","(4, 10)",3347,39,0,77,6,59891
"(4, 5)","(4, 5)","(4, 18)","(4, 10)",3347,39,0,77,6,59891
"(3, 4)","(3, 4)","(4, 18)","(3, 15)",2432,7,0,78,7,57070
"(3, 4)","(3, 5)","(4, 18)","(3, 15)",2432,7,0,78,7,57070
"(3, 4)","(4, 5)","(4, 18)","(3, 15)",2432,7,0,78,7,57070
"(3, 5)","(3, 4)","(4, 18)","(3, 15)",2432,7,0,78,7,57070
"(3, 5)","(3, 5)","(4, 18)","(3, 15)",2432,7,0,78,7,57070
"(3, 5)","(4, 5)","(4, 18)","(3, 15)",2432,7,0,78,7,57070
"(4, 5)","(3, 4)","(4, 18)","(3, 15)",2432,7,0,78,7,57070
"(4, 5)","(3, 5)","(4, 18)","(3, 15)",2432,7,0,78,7,57070
"(4, 5)","(4, 5)","(4, 18)","(3, 15)",2432,7,0,78,7,57070
"(3, 4)","(3, 4)","(4, 15)","(4, 12)",3235,34,0,80,8,63742
"(3, 4)","(3, 5)","(4, 15)","(4, 12)",3235,34,0,80,8,63742
"(3, 4)","(4, 5)","(4, 15)","(4, 12)",3235,34,0,80,8,63742
"(3, 5)","(3, 4)","(4, 15)","(4, 12)",3235,34,0,80,8,63742
"(3, 5)","(3, 5)","(4, 15)","(4, 12)",3235,34,0,80,8,63742
"(3, 5)","(4, 5)","(4, 15)","(4, 12)",3235,34,0,80,8,63742
"(4, 5)","(3, 4)","(4, 15)","(4, 12)",3235,34,0,80,8,63742
"(4, 5)","(3, 5)","(4, 15)","(4, 12)",3235,34,0,80,8,63742
"(4, 5)","(4, 5)","(4, 15)","(4, 12)",3235,34,0,80,8,63742
"(3, 4)","(3, 4)","(3, 18)","(4, 18)",2237,2,0,82,9,63529
"(3, 4)","(3, 5)","(3, 18)","(4, 18)",2237,2,0,82,9,63529
"(3, 4)","(4, 5)","(3, 18)","(4, 18)",2237,2,0,82,9,63529
"(3, 5)","(3, 4)","(3, 18)","(4, 18)",2237,2,0,82,9,63529
"(3, 5)","(3, 5)","(3, 18)","(4, 18)",2237,2,0,82,9,63529
"(3, 5)","(4, 5)","(3, 18)","(4, 18)",2237,2,0,82,9,63529
"(4, 5)","(3, 4)","(3, 18)","(4, 18)",2237,2,0,82,9,63529
"(4, 5)","(3, 5)","(3, 18)","(4, 18)",2237,2,0,82,9,63529
"(4, 5)","(4, 5)","(3, 18)","(4, 18)",2237,2,0,82,9,63529
"(3, 4)","(3, 4)","(4, 18)","(4, 8)",4129,66,0,82,9,62197
"(3, 4)","(3, 5)","(4, 18)","(4, 8)",4129,66,0,82,9,62197
"(3, 4)","(4, 5)","(4, 18)","(4, 8)",4129,66,0,82,9,62197
"(3, 5)","(3, 4)","(4, 18)","(4, 8)",4129,66,0,82,9,62197
"(3, 5)","(3, 5)","(4, 18)","(4, 8)",4129,66,0,82,9,62197
"(3, 5)","(4, 5)","(4, 18)","(4, 8)",4129,66,0,82,9,62197
"(4, 5)","(3, 4)","(4, 18)","(4, 8)",4129,66,0,82,9,62197
"(4, 5)","(3, 5)","(4, 18)","(4, 8)",4129,66,0,82,9,62197
"(4, 5)","(4, 5)","(4, 18)","(4, 8)",4129,66,0,82,9,62197
"(3, 4)","(3, 4)","(3, 18)","(4, 12)",2824,19,0,83,10,64082
"(3, 4)","(3, 5)","(3, 18)","(4, 12)",2824,19,0,83,10,64082
"(3, 4)","(4, 5)","(3, 18)","(4, 12)",2824,19,0,83,10,64082
"(3, 5)","(3, 4)","(3, 18)","(4, 12)",2824,19,0,83,10,64082
"(3, 5)","(3, 5)","(3, 18)","(4, 12)",2824,19,0,83,10,64082
"(3, 5)","(4, 5)","(3, 18)","(4, 12)",2824,19,0,83,10,64082
"(4, 5)","(3, 4)","(3, 18)","(4, 12)",2824,19,0,83,10,64082
"(4, 5)","(3, 5)","(3, 18)","(4, 12)",2824,19,0,83,10,64082
"(4, 5)","(4, 5)","(3, 18)","(4, 12)",2824,19,0,83,10,64082
"(3, 4)","(3, 4)","(4, 15)","(3, 18)",2502,10,0,84,11,67920
"(3, 4)","(3, 5)","(4, 15)","(3, 18)",2502,10,0,84,11,67920
"(3, 4)","(4, 5)","(4, 15)","(3, 18)",2502,10,0,84,11,67920
"(3, 5)","(3, 4)","(4, 15)","(3, 18)",2502,10,0,84,11,67920
"(3, 5)","(3, 5)","(4, 15)","(3, 18)",2502,10,0,84,11,67920
"(3, 5)","(4, 5)","(4, 15)","(3, 18)",2502,10,0,84,11,67920
"(4, 5)","(3, 4)","(4, 15)","(3, 18)",2502,10,0,84,11,67920
"(4, 5)","(3, 5)","(4, 15)","(3, 18)",2502,10,0,84,11,67920
"(4, 5)","(4, 5)","(4, 15)","(3, 18)",2502,10,0,84,11,67920
"(3, 4)","(3, 4)","(4, 18)","(3, 12)",2742,17,0,85,12,60097
"(3, 4)","(3, 5)","(4, 18)","(3, 12)",2742,17,0,85,12,60097
"(3, 4)","(4, 5)","(4, 18)","(3, 12)",2742,17,0,85,12,60097
"(3, 5)","(3, 4)","(4, 18)","(3, 12)",2742,17,0,85,12,60097
"(3, 5)","(3, 5)","(4, 18)","(3, 12)",2742,17,0,85,12,60097
"(3, 5)","(4, 5)","(4, 18)","(3, 12)",2742,17,0,85,12,60097
"(4, 5)","(3, 4)","(4, 18)","(3, 12)",2742,17,0,85,12,60097
"(4, 5)","(3, 5)","(4, 18)","(3, 12)",2742,17,0,85,12,60097
"(4, 5)","(4, 5)","(4, 18)","(3, 12)",2742,17,0,85,12,60097
"(3, 4)","(3, 4)","(4, 12)","(4, 18)",3079,29,0,87,13,69834
"(3, 4)","(3, 5)","(4, 12)","(4, 18)",3079,29,0,87,13,69834
"(3, 4)","(4, 5)","(4, 12)","(4, 18)",3079,29,0,87,13,69834
"(3, 5)","(3, 4)","(4, 12)","(4, 18)",3079,29,0,87,13,69834
"(3, 5)","(3, 5)","(4, 12)","(4, 18)",3079,29,0,87,13,69834
"(3, 5)","(4, 5)","(4, 12)","(4, 18)",3079,29,0,87,13,69834
"(4, 5)","(3, 4)","(4, 12)","(4, 18)",3079,29,0,87,13,69834
"(4, 5)","(3, 5)","(4, 12)","(4, 18)",3079,29,0,87,13,69834
"(4, 5)","(4, 5)","(4, 12)","(4, 18)",3079,29,0,87,13,69834
"(3, 4)","(3, 4)","(3, 18)","(4, 15)",2443,8,0,88,14,64959
"(3, 4)","(3, 5)","(3, 18)","(4, 15)",2443,8,0,88,14,64959
"(3, 4)","(4, 5)","(3, 18)","(4, 15)",2443,8,0,88,14,64959
"(3, 5)","(3, 4)","(3, 18)","(4, 15)",2443,8,0,88,14,64959
"(3, 5)","(3, 5)","(3, 18)","(4, 15)",2443,8,0,88,14,64959
"(3, 5)","(4, 5)","(3, 18)","(4, 15)",2443,8,0,88,14,64959
"(4, 5)","(3, 4)","(3, 18)","(4, 15)",2443,8,0,88,14,64959
"(4, 5)","(3, 5)","(3, 18)","(4, 15)",2443,8,0,88,14,64959
"(4, 5)","(4, 5)","(3, 18)","(4, 15)",2443,8,0,88,14,64959
"(3, 4)","(3, 4)","(4, 15)","(3, 15)",2702,15,0,88,14,63380
"(3, 4)","(3, 5)","(4, 15)","(3, 15)",2702,15,0,88,14,63380
"(3, 4)","(4, 5)","(4, 15)","(3, 15)",2702,15,0,88,14,63380
"(3, 5)","(3, 4)","(4, 15)","(3, 15)",2702,15,0,88,14,63380
"(3, 5)","(3, 5)","(4, 15)","(3, 15)",2702,15,0,88,14,63380
"(3, 5)","(4, 5)","(4, 15)","(3, 15)",2702,15,0,88,14,63380
"(4, 5)","(3, 4)","(4, 15)","(3, 15)",2702,15,0,88,14,63380
"(4, 5)","(3, 5)","(4, 15)","(3, 15)",2702,15,0,88,14,63380
"(4, 5)","(4, 5)","(4, 15)","(3, 15)",2702,15,0,88,14,63380
"(3, 4)","(3, 4)","(4, 12)","(4, 15)",3298,36,0,88,14,71630
"(3, 4)","(3, 5)","(4, 12)","(4, 15)",3298,36,0,88,14,71630
"(3, 4)","(4, 5)","(4, 12)","(4, 15)",3298,36,0,88,14,71630
"(3, 5)","(3, 4)","(4, 12)","(4, 15)",3298,36,0,88,14,71630
"(3, 5)","(3, 5)","(4, 12)","(4, 15)",3298,36,0,88,14,71630
"(3, 5)","(4, 5)","(4, 12)","(4, 15)",3298,36,0,88,14,71630
"(4, 5)","(3, 4)","(4, 12)","(4, 15)",3298,36,0,88,14,71630
"(4, 5)","(3, 5)","(4, 12)","(4, 15)",3298,36,0,88,14,71630
"(4, 5)","(4, 5)","(4, 12)","(4, 15)",3298,36,0,88,14,71630
"(3, 4)","(3, 4)","(4, 12)","(4, 12)",3705,52,0,91,15,73963
"(3, 4)","(3, 5)","(4, 12)","(4, 12)",3705,52,0,91,15,73963
"(3, 4)","(4, 5)","(4, 12)","(4, 12)",3705,52,0,91,15,73963
"(3, 5)","(3, 4)","(4, 12)","(4, 12)",3705,52,0,91,15,73963
"(3, 5)","(3, 5)","(4, 12)","(4, 12)",3705,52,0,91,15,73963
"(3, 5)","(4, 5)","(4, 12)","(4, 12)",3705,52,0,91,15,73963
"(4, 5)","(3, 4)","(4, 12)","(4, 12)",3705,52,0,91,15,73963
"(4, 5)","(3, 5)","(4, 12)","(4, 12)",3705,52,0,91,15,73963
"(4, 5)","(4, 5)","(4, 12)","(4, 12)",3705,52,0,91,15,73963
"(3, 4)","(3, 4)","(3, 18)","(3, 18)",2194,1,0,92,16,64175
"(3, 4)","(3, 5)","(3, 18)","(3, 18)",2194,1,0,92,16,64175
"(3, 4)","(4, 5)","(3, 18)","(3, 18)",2194,1,0,92,16,64175
"(3, 5)","(3, 4)","(3, 18)","(3, 18)",2194,1,0,92,16,64175
"(3, 5)","(3, 5)","(3, 18)","(3, 18)",2194,1,0,92,16,64175
"(3, 5)","(4, 5)","(3, 18)","(3, 18)",2194,1,0,92,16,64175
"(4, 5)","(3, 4)","(3, 18)","(3, 18)",2194,1,0,92,16,64175
"(4, 5)","(3, 5)","(3, 18)","(3, 18)",2194,1,0,92,16,64175
"(4, 5)","(4, 5)","(3, 18)","(3, 18)",2194,1,0,92,16,64175
"(3, 4)","(3, 4)","(4, 18)","(3, 10)",3059,28,0,93,17,61257
"(3, 4)","(3, 5)","(4, 18)","(3, 10)",3059,28,0,93,17,61257
"(3, 4)","(4, 5)","(4, 18)","(3, 10)",3059,28,0,93,17,61257
"(3, 5)","(3, 4)","(4, 18)","(3, 10)",3059,28,0,93,17,61257
"(3, 5)","(3, 5)","(4, 18)","(3, 10)",3059,28,0,93,17,61257
"(3, 5)","(4, 5)","(4, 18)","(3, 10)",3059,28,0,93,17,61257
"(4, 5)","(3, 4)","(4, 18)","(3, 10)",3059,28,0,93,17,61257
"(4, 5)","(3, 5)","(4, 18)","(3, 10)",3059,28,0,93,17,61257
"(4, 5)","(4, 5)","(4, 18)","(3, 10)",3059,28,0,93,17,61257
"(3, 4)","(3, 4)","(4, 10)","(4, 18)",3615,48,0,94,18,68290
"(3, 4)","(3, 5)","(4, 10)","(4, 18)",3615,48,0,94,18,68290
"(3, 4)","(4, 5)","(4, 10)","(4, 18)",3615,48,0,94,18,68290
"(3, 5)","(3, 4)","(4, 10)","(4, 18)",3615,48,0,94,18,68290
"(3, 5)","(3, 5)","(4, 10)","(4, 18)",3615,48,0,94,18,68290
"(3, 5)","(4, 5)","(4, 10)","(4, 18)",3615,48,0,94,18,68290
"(4, 5)","(3, 4)","(4, 10)","(4, 18)",3615,48,0,94,18,68290
"(4, 5)","(3, 5)","(4, 10)","(4, 18)",3615,48,0,94,18,68290
"(4, 5)","(4, 5)","(4, 10)","(4, 18)",3615,48,0,94,18,68290
"(3, 4)","(3, 4)","(3, 18)","(3, 15)",2379,5,0,96,19,65085
"(3, 4)","(3, 5)","(3, 18)","(3, 15)",2379,5,0,96,19,65085
"(3, 4)","(4, 5)","(3, 18)","(3, 15)",2379,5,0,96,19,65085
"(3, 5)","(3, 4)","(3, 18)","(3, 15)",2379,5,0,96,19,65085
"(3, 5)","(3, 5)","(3, 18)","(3, 15)",2379,5,0,96,19,65085
"(3, 5)","(4, 5)","(3, 18)","(3, 15)",2379,5,0,96,19,65085
"(4, 5)","(3, 4)","(3, 18)","(3, 15)",2379,5,0,96,19,65085
"(4, 5)","(3, 5)","(3, 18)","(3, 15)",2379,5,0,96,19,65085
"(4, 5)","(4, 5)","(3, 18)","(3, 15)",2379,5,0,96,19,65085
"(3, 4)","(3, 4)","(3, 15)","(4, 18)",2497,9,0,96,19,62922
"(3, 4)","(3, 5)","(3, 15)","(4, 18)",2497,9,0,96,19,62922
"(3, 4)","(4, 5)","(3, 15)","(4, 18)",2497,9,0,96,19,62922
"(3, 5)","(3, 4)","(3, 15)","(4, 18)",2497,9,0,96,19,62922
"(3, 5)","(3, 5)","(3, 15)","(4, 18)",2497,9,0,96,19,62922
"(3, 5)","(4, 5)","(3, 15)","(4, 18)",2497,9,0,96,19,62922
"(4, 5)","(3, 4)","(3, 15)","(4, 18)",2497,9,0,96,19,62922
"(4, 5)","(3, 5)","(3, 15)","(4, 18)",2497,9,0,96,19,62922
"(4, 5)","(4, 5)","(3, 15)","(4, 18)",2497,9,0,96,19,62922
"(3, 4)","(3, 4)","(4, 12)","(3, 18)",2974,25,0,97,20,76686
"(3, 4)","(3, 5)","(4, 12)","(3, 18)",2974,25,0,97,20,76686
"(3, 4)","(4, 5)","(4, 12)","(3, 18)",2974,25,0,97,20,76686
"(3, 5)","(3, 4)","(4, 12)","(3, 18)",2974,25,0,97,20,76686
"(3, 5)","(3, 5)","(4, 12)","(3, 18)",2974,25,0,97,20,76686
"(3, 5)","(4, 5)","(4, 12)","(3, 18)",2974,25,0,97,20,76686
"(4, 5)","(3, 4)","(4, 12)","(3, 18)",2974,25,0,97,20,76686
"(4, 5)","(3, 5)","(4, 12)","(3, 18)",2974,25,0,97,20,76686
"(4, 5)","(4, 5)","(4, 12)","(3, 18)",2974,25,0,97,20,76686
"(3, 4)","(3, 4)","(4, 15)","(3, 12)",3048,27,0,97,20,70189
"(3, 4)","(3, 5)","(4, 15)","(3, 12)",3048,27,0,97,20,70189
"(3, 4)","(4, 5)","(4, 15)","(3, 12)",3048,27,0,97,20,70189
"(3, 5)","(3, 4)","(4, 15)","(3, 12)",3048,27,0,97,20,70189
"(3, 5)","(3, 5)","(4, 15)","(3, 12)",3048,27,0,97,20,70189
"(3, 5)","(4, 5)","(4, 15)","(3, 12)",3048,27,0,97,20,70189
"(4, 5)","(3, 4)","(4, 15)","(3, 12)",3048,27,0,97,20,70189
"(4, 5)","(3, 5)","(4, 15)","(3, 12)",3048,27,0,97,20,70189
"(4, 5)","(4, 5)","(4, 15)","(3, 12)",3048,27,0,97,20,70189
"(3, 4)","(3, 4)","(3, 18)","(4, 10)",3235,34,0,97,20,67346
"(3, 4)","(3, 5)","(3, 18)","(4, 10)",3235,34,0,97,20,67346
"(3, 4)","(4, 5)","(3, 18)","(4, 10)",3235,34,0,97,20,67346
"(3, 5)","(3, 4)","(3, 18)","(4, 10)",3235,34,0,97,20,67346
"(3, 5)","(3, 5)","(3, 18)","(4, 10)",3235,34,0,97,20,67346
"(3, 5)","(4, 5)","(3, 18)","(4, 10)",3235,34,0,97,20,67346
"(4, 5)","(3, 4)","(3, 18)","(4, 10)",3235,34,0,97,20,67346
"(4, 5)","(3, 5)","(3, 18)","(4, 10)",3235,34,0,97,20,67346
"(4, 5)","(4, 5)","(3, 18)","(4, 10)",3235,34,0,97,20,67346
"(3, 4)","(3, 4)","(4, 15)","(4, 10)",3685,50,0,97,20,69971
"(3, 4)","(3, 5)","(4, 15)","(4, 10)",3685,50,0,97,20,69971
"(3, 4)","(4, 5)","(4, 15)","(4, 10)",3685,50,0,97,20,69971
"(3, 5)","(3, 4)","(4, 15)","(4, 10)",3685,50,0,97,20,69971
"(3, 5)","(3, 5)","(4, 15)","(4, 10)",3685,50,0,97,20,69971
"(3, 5)","(4, 5)","(4, 15)","(4, 10)",3685,50,0,97,20,69971
"(4, 5)","(3, 4)","(4, 15)","(4, 10)",3685,50,0,97,20,69971
"(4, 5)","(3, 5)","(4, 15)","(4, 10)",3685,50,0,97,20,69971
"(4, 5)","(4, 5)","(4, 15)","(4, 10)",3685,50,0,97,20,69971
"(3, 4)","(3, 4)","(3, 15)","(4, 15)",2725,16,0,98,21,64857
"(3, 4)","(3, 5)","(3, 15)","(4, 15)",2725,16,0,98,21,64857
"(3, 4)","(4, 5)","(3, 15)","(4, 15)",2725,16,0,98,21,64857
"(3, 5)","(3, 4)","(3, 15)","(4, 15)",2725,16,0,98,21,64857
"(3, 5)","(3, 5)","(3, 15)","(4, 15)",2725,16,0,98,21,64857
"(3, 5)","(4, 5)","(3, 15)","(4, 15)",2725,16,0,98,21,64857
"(4, 5)","(3, 4)","(3, 15)","(4, 15)",2725,16,0,98,21,64857
"(4, 5)","(3, 5)","(3, 15)","(4, 15)",2725,16,0,98,21,64857
"(4, 5)","(4, 5)","(3, 15)","(4, 15)",2725,16,0,98,21,64857
"(3, 4)","(3, 4)","(4, 15)","(4, 8)",4521,77,0,98,21,72890
"(3, 4)","(3, 5)","(4, 15)","(4, 8)",4521,77,0,98,21,72890
"(3, 4)","(4, 5)","(4, 15)","(4, 8)",4521,77,0,98,21,72890
"(3, 5)","(3, 4)","(4, 15)","(4, 8)",4521,77,0,98,21,72890
"(3, 5)","(3, 5)","(4, 15)","(4, 8)",4521,77,0,98,21,72890
"(3, 5)","(4, 5)","(4, 15)","(4, 8)",4521,77,0,98,21,72890
"(4, 5)","(3, 4)","(4, 15)","(4, 8)",4521,77,0,98,21,72890
"(4, 5)","(3, 5)","(4, 15)","(4, 8)",4521,77,0,98,21,72890
"(4, 5)","(4, 5)","(4, 15)","(4, 8)",4521,77,0,98,21,72890
"(3, 4)","(3, 4)","(4, 10)","(4, 15)",3834,54,0,99,22,69403
"(3, 4)","(3, 5)","(4, 10)","(4, 15)",3834,54,0,99,22,69403
"(3, 4)","(4, 5)","(4, 10)","(4, 15)",3834,54,0,99,22,69403
"(3, 5)","(3, 4)","(4, 10)","(4, 15)",3834,54,0,99,22,69403
"(3, 5)","(3, 5)","(4, 10)","(4, 15)",3834,54,0,99,22,69403
"(3, 5)","(4, 5)","(4, 10)","(4, 15)",3834,54,0,99,22,69403
"(4, 5)","(3, 4)","(4, 10)","(4, 15)",3834,54,0,99,22,69403
"(4, 5)","(3, 5)","(4, 10)","(4, 15)",3834,54,0,99,22,69403
"(4, 5)","(4, 5)","(4, 10)","(4, 15)",3834,54,0,99,22,69403
"(3, 4)","(3, 4)","(3, 15)","(4, 12)",3102,30,0,100,23,65723
"(3, 4)","(3, 5)","(3, 15)","(4, 12)",3102,30,0,100,23,65723
"(3, 4)","(4, 5)","(3, 15)","(4, 12)",3102,30,0,100,23,65723
"(3, 5)","(3, 4)","(3, 15)","(4, 12)",3102,30,0,100,23,65723
"(3, 5)","(3, 5)","(3, 15)","(4, 12)",3102,30,0,100,23,65723
"(3, 5)","(4, 5)","(3, 15)","(4, 12)",3102,30,0,100,23,65723
"(4, 5)","(3, 4)","(3, 15)","(4, 12)",3102,30,0,100,23,65723
"(4, 5)","(3, 5)","(3, 15)","(4, 12)",3102,30,0,100,23,65723
"(4, 5)","(4, 5)","(3, 15)","(4, 12)",3102,30,0,100,23,65723
"(3, 4)","(3, 4)","(4, 18)","(4, 6)",6145,112,0,100,23,70347
"(3, 4)","(3, 5)","(4, 18)","(4, 6)",6145,112,0,100,23,70347
"(3, 4)","(4, 5)","(4, 18)","(4, 6)",6145,112,0,100,23,70347
"(3, 5)","(3, 4)","(4, 18)","(4, 6)",6145,112,0,100,23,70347
"(3, 5)","(3, 5)","(4, 18)","(4, 6)",6145,112,0,100,23,70347
"(3, 5)","(4, 5)","(4, 18)","(4, 6)",6145,112,0,100,23,70347
"(4, 5)","(3, 4)","(4, 18)","(4, 6)",6145,112,0,100,23,70347
"(4, 5)","(3, 5)","(4, 18)","(4, 6)",6145,112,0,100,23,70347
"(4, 5)","(4, 5)","(4, 18)","(4, 6)",6145,112,0,100,23,70347
"(3, 4)","(3, 4)","(4, 12)","(3, 15)",3164,32,0,101,24,76366
"(3, 4)","(3, 5)","(4, 12)","(3, 15)",3164,32,0,101,24,76366
"(3, 4)","(4, 5)","(4, 12)","(3, 15)",3164,32,0,101,24,76366
"(3, 5)","(3, 4)","(4, 12)","(3, 15)",3164,32,0,101,24,76366
"(3, 5)","(3, 5)","(4, 12)","(3, 15)",3164,32,0,101,24,76366
"(3, 5)","(4, 5)","(4, 12)","(3, 15)",3164,32,0,101,24,76366
"(4, 5)","(3, 4)","(4, 12)","(3, 15)",3164,32,0,101,24,76366
"(4, 5)","(3, 5)","(4, 12)","(3, 15)",3164,32,0,101,24,76366
"(4, 5)","(4, 5)","(4, 12)","(3, 15)",3164,32,0,101,24,76366
"(3, 4)","(3, 4)","(4, 10)","(3, 18)",3489,42,0,101,24,76344
"(3, 4)","(3, 5)","(4, 10)","(3, 18)",3489,42,0,101,24,76344
"(3, 4)","(4, 5)","(4, 10)","(3, 18)",3489,42,0,101,24,76344
"(3, 5)","(3, 4)","(4, 10)","(3, 18)",3489,42,0,101,24,76344
"(3, 5)","(3, 5)","(4, 10)","(3, 18)",3489,42,0,101,24,76344
"(3, 5)","(4, 5)","(4, 10)","(3, 18)",3489,42,0,101,24,76344
"(4, 5)","(3, 4)","(4, 10)","(3, 18)",3489,42,0,101,24,76344
"(4, 5)","(3, 5)","(4, 10)","(3, 18)",3489,42,0,101,24,76344
"(4, 5)","(4, 5)","(4, 10)","(3, 18)",3489,42,0,101,24,76344
"(3, 4)","(3, 4)","(3, 18)","(3, 12)",2647,14,0,102,25,69779
"(3, 4)","(3, 5)","(3, 18)","(3, 12)",2647,14,0,102,25,69779
"(3, 4)","(4, 5)","(3, 18)","(3, 12)",2647,14,0,102,25,69779
"(3, 5)","(3, 4)","(3, 18)","(3, 12)",2647,14,0,102,25,69779
"(3, 5)","(3, 5)","(3, 18)","(3, 12)",2647,14,0,102,25,69779
"(3, 5)","(4, 5)","(3, 18)","(3, 12)",2647,14,0,102,25,69779
"(4, 5)","(3, 4)","(3, 18)","(3, 12)",2647,14,0,102,25,69779
"(4, 5)","(3, 5)","(3, 18)","(3, 12)",2647,14,0,102,25,69779
"(4, 5)","(4, 5)","(3, 18)","(3, 12)",2647,14,0,102,25,69779
"(3, 4)","(3, 4)","(4, 10)","(4, 12)",4229,69,0,103,26,71820
"(3, 4)","(3, 5)","(4, 10)","(4, 12)",4229,69,0,103,26,71820
"(3, 4)","(4, 5)","(4, 10)","(4, 12)",4229,69,0,103,26,71820
"(3, 5)","(3, 4)","(4, 10)","(4, 12)",4229,69,0,103,26,71820
"(3, 5)","(3, 5)","(4, 10)","(4, 12)",4229,69,0,103,26,71820
"(3, 5)","(4, 5)","(4, 10)","(4, 12)",4229,69,0,103,26,71820
"(4, 5)","(3, 4)","(4, 10)","(4, 12)",4229,69,0,103,26,71820
"(4, 5)","(3, 5)","(4, 10)","(4, 12)",4229,69,0,103,26,71820
"(4, 5)","(4, 5)","(4, 10)","(4, 12)",4229,69,0,103,26,71820
"(3, 4)","(3, 4)","(4, 18)","(3, 8)",3642,49,0,105,27,67046
"(3, 4)","(3, 5)","(4, 18)","(3, 8)",3642,49,0,105,27,67046
"(3, 4)","(4, 5)","(4, 18)","(3, 8)",3642,49,0,105,27,67046
"(3, 5)","(3, 4)","(4, 18)","(3, 8)",3642,49,0,105,27,67046
"(3, 5)","(3, 5)","(4, 18)","(3, 8)",3642,49,0,105,27,67046
"(3, 5)","(4, 5)","(4, 18)","(3, 8)",3642,49,0,105,27,67046
"(4, 5)","(3, 4)","(4, 18)","(3, 8)",3642,49,0,105,27,67046
"(4, 5)","(3, 5)","(4, 18)","(3, 8)",3642,49,0,105,27,67046
"(4, 5)","(4, 5)","(4, 18)","(3, 8)",3642,49,0,105,27,67046
"(3, 4)","(3, 4)","(4, 12)","(4, 10)",4154,67,0,105,27,76718
"(3, 4)","(3, 5)","(4, 12)","(4, 10)",4154,67,0,105,27,76718
"(3, 4)","(4, 5)","(4, 12)","(4, 10)",4154,67,0,105,27,76718
"(3, 5)","(3, 4)","(4, 12)","(4, 10)",4154,67,0,105,27,76718
"(3, 5)","(3, 5)","(4, 12)","(4, 10)",4154,67,0,105,27,76718
"(3, 5)","(4, 5)","(4, 12)","(4, 10)",4154,67,0,105,27,76718
"(4, 5)","(3, 4)","(4, 12)","(4, 10)",4154,67,0,105,27,76718
"(4, 5)","(3, 5)","(4, 12)","(4, 10)",4154,67,0,105,27,76718
"(4, 5)","(4, 5)","(4, 12)","(4, 10)",4154,67,0,105,27,76718
"(3, 4)","(3, 4)","(4, 10)","(3, 15)",3697,51,0,106,28,71834
"(3, 4)","(3, 5)","(4, 10)","(3, 15)",3697,51,0,106,28,71834
"(3, 4)","(4, 5)","(4, 10)","(3, 15)",3697,51,0,106,28,71834
"(3, 5)","(3, 4)","(4, 10)","(3, 15)",3697,51,0,106,28,71834
"(3, 5)","(3, 5)","(4, 10)","(3, 15)",3697,51,0,106,28,71834
"(3, 5)","(4, 5)","(4, 10)","(3, 15)",3697,51,0,106,28,71834
"(4, 5)","(3, 4)","(4, 10)","(3, 15)",3697,51,0,106,28,71834
"(4, 5)","(3, 5)","(4, 10)","(3, 15)",3697,51,0,106,28,71834
"(4, 5)","(4, 5)","(4, 10)","(3, 15)",3697,51,0,106,28,71834
"(3, 4)","(3, 4)","(3, 18)","(4, 8)",3990,60,0,106,28,71029
"(3, 4)","(3, 5)","(3, 18)","(4, 8)",3990,60,0,106,28,71029
"(3, 4)","(4, 5)","(3, 18)","(4, 8)",3990,60,0,106,28,71029
"(3, 5)","(3, 4)","(3, 18)","(4, 8)",3990,60,0,106,28,71029
"(3, 5)","(3, 5)","(3, 18)","(4, 8)",3990,60,0,106,28,71029
"(3, 5)","(4, 5)","(3, 18)","(4, 8)",3990,60,0,106,28,71029
"(4, 5)","(3, 4)","(3, 18)","(4, 8)",3990,60,0,106,28,71029
"(4, 5)","(3, 5)","(3, 18)","(4, 8)",3990,60,0,106,28,71029
"(4, 5)","(4, 5)","(3, 18)","(4, 8)",3990,60,0,106,28,71029
"(3, 4)","(3, 4)","(3, 12)","(4, 18)",2894,21,0,107,29,69063
"(3, 4)","(3, 5)","(3, 12)","(4, 18)",2894,21,0,107,29,69063
"(3, 4)","(4, 5)","(3, 12)","(4, 18)",2894,21,0,107,29,69063
"(3, 5)","(3, 4)","(3, 12)","(4, 18)",2894,21,0,107,29,69063
"(3, 5)","(3, 5)","(3, 12)","(4, 18)",2894,21,0,107,29,69063
"(3, 5)","(4, 5)","(3, 12)","(4, 18)",2894,21,0,107,29,69063
"(4, 5)","(3, 4)","(3, 12)","(4, 18)",2894,21,0,107,29,69063
"(4, 5)","(3, 5)","(3, 12)","(4, 18)",2894,21,0,107,29,69063
"(4, 5)","(4, 5)","(3, 12)","(4, 18)",2894,21,0,107,29,69063
"(3, 4)","(3, 4)","(4, 8)","(4, 18)",4542,78,0,108,30,76153
"(3, 4)","(3, 5)","(4, 8)","(4, 18)",4542,78,0,108,30,76153
"(3, 4)","(4, 5)","(4, 8)","(4, 18)",4542,78,0,108,30,76153
"(3, 5)","(3, 4)","(4, 8)","(4, 18)",4542,78,0,108,30,76153
"(3, 5)","(3, 5)","(4, 8)","(4, 18)",4542,78,0,108,30,76153
"(3, 5)","(4, 5)","(4, 8)","(4, 18)",4542,78,0,108,30,76153
"(4, 5)","(3, 4)","(4, 8)","(4, 18)",4542,78,0,108,30,76153
"(4, 5)","(3, 5)","(4, 8)","(4, 18)",4542,78,0,108,30,76153
"(4, 5)","(4, 5)","(4, 8)","(4, 18)",4542,78,0,108,30,76153
"(3, 4)","(3, 4)","(3, 15)","(3, 18)",2431,6,0,109,31,68595
"(3, 4)","(3, 5)","(3, 15)","(3, 18)",2431,6,0,109,31,68595
"(3, 4)","(4, 5)","(3, 15)","(3, 18)",2431,6,0,109,31,68595
"(3, 5)","(3, 4)","(3, 15)","(3, 18)",2431,6,0,109,31,68595
"(3, 5)","(3, 5)","(3, 15)","(3, 18)",2431,6,0,109,31,68595
"(3, 5)","(4, 5)","(3, 15)","(3, 18)",2431,6,0,109,31,68595
"(4, 5)","(3, 4)","(3, 15)","(3, 18)",2431,6,0,109,31,68595
"(4, 5)","(3, 5)","(3, 15)","(3, 18)",2431,6,0,109,31,68595
"(4, 5)","(4, 5)","(3, 15)","(3, 18)",2431,6,0,109,31,68595
"(3, 4)","(3, 4)","(3, 18)","(3, 10)",2971,24,0,109,31,71215
"(3, 4)","(3, 5)","(3, 18)","(3, 10)",2971,24,0,109,31,71215
"(3, 4)","(4, 5)","(3, 18)","(3, 10)",2971,24,0,109,31,71215
"(3, 5)","(3, 4)","(3, 18)","(3, 10)",2971,24,0,109,31,71215
"(3, 5)","(3, 5)","(3, 18)","(3, 10)",2971,24,0,109,31,71215
"(3, 5)","(4, 5)","(3, 18)","(3, 10)",2971,24,0,109,31,71215
"(4, 5)","(3, 4)","(3, 18)","(3, 10)",2971,24,0,109,31,71215
"(4, 5)","(3, 5)","(3, 18)","(3, 10)",2971,24,0,109,31,71215
"(4, 5)","(4, 5)","(3, 18)","(3, 10)",2971,24,0,109,31,71215
"(3, 4)","(3, 4)","(4, 12)","(3, 12)",3507,43,0,109,31,78327
"(3, 4)","(3, 5)","(4, 12)","(3, 12)",3507,43,0,109,31,78327
"(3, 4)","(4, 5)","(4, 12)","(3, 12)",3507,43,0,109,31,78327
"(3, 5)","(3, 4)","(4, 12)","(3, 12)",3507,43,0,109,31,78327
"(3, 5)","(3, 5)","(4, 12)","(3, 12)",3507,43,0,109,31,78327
"(3, 5)","(4, 5)","(4, 12)","(3, 12)",3507,43,0,109,31,78327
"(4, 5)","(3, 4)","(4, 12)","(3, 12)",3507,43,0,109,31,78327
"(4, 5)","(3, 5)","(4, 12)","(3, 12)",3507,43,0,109,31,78327
"(4, 5)","(4, 5)","(4, 12)","(3, 12)",3507,43,0,109,31,78327
"(3, 4)","(3, 4)","(3, 15)","(3, 15)",2628,13,0,110,32,70941
"(3, 4)","(3, 5)","(3, 15)","(3, 15)",2628,13,0,110,32,70941
"(3, 4)","(4, 5)","(3, 15)","(3, 15)",2628,13,0,110,32,70941
"(3, 5)","(3, 4)","(3, 15)","(3, 15)",2628,13,0,110,32,70941
"(3, 5)","(3, 5)","(3, 15)","(3, 15)",2628,13,0,110,32,70941
"(3, 5)","(4, 5)","(3, 15)","(3, 15)",2628,13,0,110,32,70941
"(4, 5)","(3, 4)","(3, 15)","(3, 15)",2628,13,0,110,32,70941
"(4, 5)","(3, 5)","(3, 15)","(3, 15)",2628,13,0,110,32,70941
"(4, 5)","(4, 5)","(3, 15)","(3, 15)",2628,13,0,110,32,70941
"(3, 4)","(3, 4)","(3, 12)","(4, 12)",3521,45,0,110,32,75337
"(3, 4)","(3, 5)","(3, 12)","(4, 12)",3521,45,0,110,32,75337
"(3, 4)","(4, 5)","(3, 12)","(4, 12)",3521,45,0,110,32,75337
"(3, 5)","(3, 4)","(3, 12)","(4, 12)",3521,45,0,110,32,75337
"(3, 5)","(3, 5)","(3, 12)","(4, 12)",3521,45,0,110,32,75337
"(3, 5)","(4, 5)","(3, 12)","(4, 12)",3521,45,0,110,32,75337
"(4, 5)","(3, 4)","(3, 12)","(4, 12)",3521,45,0,110,32,75337
"(4, 5)","(3, 5)","(3, 12)","(4, 12)",3521,45,0,110,32,75337
"(4, 5)","(4, 5)","(3, 12)","(4, 12)",3521,45,0,110,32,75337
"(3, 4)","(3, 4)","(4, 12)","(4, 8)",5017,90,0,111,33,81313
"(3, 4)","(3, 5)","(4, 12)","(4, 8)",5017,90,0,111,33,81313
"(3, 4)","(4, 5)","(4, 12)","(4, 8)",5017,90,0,111,33,81313
"(3, 5)","(3, 4)","(4, 12)","(4, 8)",5017,90,0,111,33,81313
"(3, 5)","(3, 5)","(4, 12)","(4, 8)",5017,90,0,111,33,81313
"(3, 5)","(4, 5)","(4, 12)","(4, 8)",5017,90,0,111,33,81313
"(4, 5)","(3, 4)","(4, 12)","(4, 8)",5017,90,0,111,33,81313
"(4, 5)","(3, 5)","(4, 12)","(4, 8)",5017,90,0,111,33,81313
"(4, 5)","(4, 5)","(4, 12)","(4, 8)",5017,90,0,111,33,81313
"(3, 4)","(3, 4)","(4, 10)","(3, 12)",4046,63,0,113,34,76215
"(3, 4)","(3, 5)","(4, 10)","(3, 12)",4046,63,0,113,34,76215
"(3, 4)","(4, 5)","(4, 10)","(3, 12)",4046,63,0,113,34,76215
"(3, 5)","(3, 4)","(4, 10)","(3, 12)",4046,63,0,113,34,76215
"(3, 5)","(3, 5)","(4, 10)","(3, 12)",4046,63,0,113,34,76215
"(3, 5)","(4, 5)","(4, 10)","(3, 12)",4046,63,0,113,34,76215
"(4, 5)","(3, 4)","(4, 10)","(3, 12)",4046,63,0,113,34,76215
"(4, 5)","(3, 5)","(4, 10)","(3, 12)",4046,63,0,113,34,76215
"(4, 5)","(4, 5)","(4, 10)","(3, 12)",4046,63,0,113,34,76215
"(3, 4)","(3, 4)","(3, 12)","(3, 18)",2807,18,0,114,35,70165
"(3, 4)","(3, 5)","(3, 12)","(3, 18)",2807,18,0,114,35,70165
"(3, 4)","(4, 5)","(3, 12)","(3, 18)",2807,18,0,114,35,70165
"(3, 5)","(3, 4)","(3, 12)","(3, 18)",2807,18,0,114,35,70165
"(3, 5)","(3, 5)","(3, 12)","(3, 18)",2807,18,0,114,35,70165
"(3, 5)","(4, 5)","(3, 12)","(3, 18)",2807,18,0,114,35,70165
"(4, 5)","(3, 4)","(3, 12)","(3, 18)",2807,18,0,114,35,70165
"(4, 5)","(3, 5)","(3, 12)","(3, 18)",2807,18,0,114,35,70165
"(4, 5)","(4, 5)","(3, 12)","(3, 18)",2807,18,0,114,35,70165
"(3, 4)","(3, 4)","(4, 15)","(3, 10)",3394,40,0,114,35,71975
"(3, 4)","(3, 5)","(4, 15)","(3, 10)",3394,40,0,114,35,71975
"(3, 4)","(4, 5)","(4, 15)","(3, 10)",3394,40,0,114,35,71975
"(3, 5)","(3, 4)","(4, 15)","(3, 10)",3394,40,0,114,35,71975
"(3, 5)","(3, 5)","(4, 15)","(3, 10)",3394,40,0,114,35,71975
"(3, 5)","(4, 5)","(4, 15)","(3, 10)",3394,40,0,114,35,71975
"(4, 5)","(3, 4)","(4, 15)","(3, 10)",3394,40,0,114,35,71975
"(4, 5)","(3, 5)","(4, 15)","(3, 10)",3394,40,0,114,35,71975
"(4, 5)","(4, 5)","(4, 15)","(3, 10)",3394,40,0,114,35,71975
"(3, 4)","(3, 4)","(3, 15)","(4, 10)",3544,47,0,114,35,73463
"(3, 4)","(3, 5)","(3, 15)","(4, 10)",3544,47,0,114,35,73463
"(3, 4)","(4, 5)","(3, 15)","(4, 10)",3544,47,0,114,35,73463
"(3, 5)","(3, 4)","(3, 15)","(4, 10)",3544,47,0,114,35,73463
"(3, 5)","(3, 5)","(3, 15)","(4, 10)",3544,47,0,114,35,73463
"(3, 5)","(4, 5)","(3, 15)","(4, 10)",3544,47,0,114,35,73463
"(4, 5)","(3, 4)","(3, 15)","(4, 10)",3544,47,0,114,35,73463
"(4, 5)","(3, 5)","(3, 15)","(4, 10)",3544,47,0,114,35,73463
"(4, 5)","(4, 5)","(3, 15)","(4, 10)",3544,47,0,114,35,73463
"(3, 4)","(3, 4)","(3, 10)","(4, 18)",3302,37,0,115,36,72912
"(3, 4)","(3, 5)","(3, 10)","(4, 18)",3302,37,0,115,36,72912
"(3, 4)","(4, 5)","(3, 10)","(4, 18)",3302,37,0,115,36,72912
"(3, 5)","(3, 4)","(3, 10)","(4, 18)",3302,37,0,115,36,72912
"(3, 5)","(3, 5)","(3, 10)","(4, 18)",3302,37,0,115,36,72912
"(3, 5)","(4, 5)","(3, 10)","(4, 18)",3302,37,0,115,36,72912
"(4, 5)","(3, 4)","(3, 10)","(4, 18)",3302,37,0,115,36,72912
"(4, 5)","(3, 5)","(3, 10)","(4, 18)",3302,37,0,115,36,72912
"(4, 5)","(4, 5)","(3, 10)","(4, 18)",3302,37,0,115,36,72912
"(3, 4)","(3, 4)","(4, 8)","(4, 15)",4768,84,0,115,36,78130
"(3, 4)","(3, 5)","(4, 8)","(4, 15)",4768,84,0,115,36,78130
"(3, 4)","(4, 5)","(4, 8)","(4, 15)",4768,84,0,115,36,78130
"(3, 5)","(3, 4)","(4, 8)","(4, 15)",4768,84,0,115,36,78130
"(3, 5)","(3, 5)","(4, 8)","(4, 15)",4768,84,0,115,36,78130
"(3, 5)","(4, 5)","(4, 8)","(4, 15)",4768,84,0,115,36,78130
"(4, 5)","(3, 4)","(4, 8)","(4, 15)",4768,84,0,115,36,78130
"(4, 5)","(3, 5)","(4, 8)","(4, 15)",4768,84,0,115,36,78130
"(4, 5)","(4, 5)","(4, 8)","(4, 15)",4768,84,0,115,36,78130
"(3, 4)","(3, 4)","(4, 8)","(4, 12)",5182,93,0,115,36,81008
"(3, 4)","(3, 5)","(4, 8)","(4, 12)",5182,93,0,115,36,81008
"(3, 4)","(4, 5)","(4, 8)","(4, 12)",5182,93,0,115,36,81008
"(3, 5)","(3, 4)","(4, 8)","(4, 12)",5182,93,0,115,36,81008
"(3, 5)","(3, 5)","(4, 8)","(4, 12)",5182,93,0,115,36,81008
"(3, 5)","(4, 5)","(4, 8)","(4, 12)",5182,93,0,115,36,81008
"(4, 5)","(3, 4)","(4, 8)","(4, 12)",5182,93,0,115,36,81008
"(4, 5)","(3, 5)","(4, 8)","(4, 12)",5182,93,0,115,36,81008
"(4, 5)","(4, 5)","(4, 8)","(4, 12)",5182,93,0,115,36,81008
"(3, 4)","(3, 4)","(3, 15)","(3, 12)",2921,23,0,116,37,74148
"(3, 4)","(3, 5)","(3, 15)","(3, 12)",2921,23,0,116,37,74148
"(3, 4)","(4, 5)","(3, 15)","(3, 12)",2921,23,0,116,37,74148
"(3, 5)","(3, 4)","(3, 15)","(3, 12)",2921,23,0,116,37,74148
"(3, 5)","(3, 5)","(3, 15)","(3, 12)",2921,23,0,116,37,74148
"(3, 5)","(4, 5)","(3, 15)","(3, 12)",2921,23,0,116,37,74148
"(4, 5)","(3, 4)","(3, 15)","(3, 12)",2921,23,0,116,37,74148
"(4, 5)","(3, 5)","(3, 15)","(3, 12)",2921,23,0,116,37,74148
"(4, 5)","(4, 5)","(3, 15)","(3, 12)",2921,23,0,116,37,74148
"(3, 4)","(3, 4)","(3, 12)","(4, 15)",3116,31,0,116,37,73423
"(3, 4)","(3, 5)","(3, 12)","(4, 15)",3116,31,0,116,37,73423
"(3, 4)","(4, 5)","(3, 12)","(4, 15)",3116,31,0,116,37,73423
"(3, 5)","(3, 4)","(3, 12)","(4, 15)",3116,31,0,116,37,73423
"(3, 5)","(3, 5)","(3, 12)","(4, 15)",3116,31,0,116,37,73423
"(3, 5)","(4, 5)","(3, 12)","(4, 15)",3116,31,0,116,37,73423
"(4, 5)","(3, 4)","(3, 12)","(4, 15)",3116,31,0,116,37,73423
"(4, 5)","(3, 5)","(3, 12)","(4, 15)",3116,31,0,116,37,73423
"(4, 5)","(4, 5)","(3, 12)","(4, 15)",3116,31,0,116,37,73423
"(3, 4)","(3, 4)","(4, 15)","(3, 8)",4002,62,0,116,37,77198
"(3, 4)","(3, 5)","(4, 15)","(3, 8)",4002,62,0,116,37,77198
"(3, 4)","(4, 5)","(4, 15)","(3, 8)",4002,62,0,116,37,77198
"(3, 5)","(3, 4)","(4, 15)","(3, 8)",4002,62,0,116,37,77198
"(3, 5)","(3, 5)","(4, 15)","(3, 8)",4002,62,0,116,37,77198
"(3, 5)","(4, 5)","(4, 15)","(3, 8)",4002,62,0,116,37,77198
"(4, 5)","(3, 4)","(4, 15)","(3, 8)",4002,62,0,116,37,77198
"(4, 5)","(3, 5)","(4, 15)","(3, 8)",4002,62,0,116,37,77198
"(4, 5)","(4, 5)","(4, 15)","(3, 8)",4002,62,0,116,37,77198
"(3, 4)","(3, 4)","(3, 10)","(4, 15)",3527,46,0,118,38,75411
"(3, 4)","(3, 5)","(3, 10)","(4, 15)",3527,46,0,118,38,75411
"(3, 4)","(4, 5)","(3, 10)","(4, 15)",3527,46,0,118,38,75411
"(3, 5)","(3, 4)","(3, 10)","(4, 15)",3527,46,0,118,38,75411
"(3, 5)","(3, 5)","(3, 10)","(4, 15)",3527,46,0,118,38,75411
"(3, 5)","(4, 5)","(3, 10)","(4, 15)",3527,46,0,118,38,75411
"(4, 5)","(3, 4)","(3, 10)","(4, 15)",3527,46,0,118,38,75411
"(4, 5)","(3, 5)","(3, 10)","(4, 15)",3527,46,0,118,38,75411
"(4, 5)","(4, 5)","(3, 10)","(4, 15)",3527,46,0,118,38,75411
"(3, 4)","(3, 4)","(3, 18)","(4, 6)",5915,107,0,118,38,78922
"(3, 4)","(3, 5)","(3, 18)","(4, 6)",5915,107,0,118,38,78922
"(3, 4)","(4, 5)","(3, 18)","(4, 6)",5915,107,0,118,38,78922
"(3, 5)","(3, 4)","(3, 18)","(4, 6)",5915,107,0,118,38,78922
"(3, 5)","(3, 5)","(3, 18)","(4, 6)",5915,107,0,118,38,78922
"(3, 5)","(4, 5)","(3, 18)","(4, 6)",5915,107,0,118,38,78922
"(4, 5)","(3, 4)","(3, 18)","(4, 6)",5915,107,0,118,38,78922
"(4, 5)","(3, 5)","(3, 18)","(4, 6)",5915,107,0,118,38,78922
"(4, 5)","(4, 5)","(3, 18)","(4, 6)",5915,107,0,118,38,78922
"(3, 4)","(3, 4)","(4, 15)","(4, 6)",6650,118,0,118,38,81777
"(3, 4)","(3, 5)","(4, 15)","(4, 6)",6650,118,0,118,38,81777
"(3, 4)","(4, 5)","(4, 15)","(4, 6)",6650,118,0,118,38,81777
"(3, 5)","(3, 4)","(4, 15)","(4, 6)",6650,118,0,118,38,81777
"(3, 5)","(3, 5)","(4, 15)","(4, 6)",6650,118,0,118,38,81777
"(3, 5)","(4, 5)","(4, 15)","(4, 6)",6650,118,0,118,38,81777
"(4, 5)","(3, 4)","(4, 15)","(4, 6)",6650,118,0,118,38,81777
"(4, 5)","(3, 5)","(4, 15)","(4, 6)",6650,118,0,118,38,81777
"(4, 5)","(4, 5)","(4, 15)","(4, 6)",6650,118,0,118,38,81777
"(3, 4)","(3, 4)","(4, 10)","(4, 10)",4699,82,0,119,39,80577
"(3, 4)","(3, 5)","(4, 10)","(4, 10)",4699,82,0,119,39,80577
"(3, 4)","(4, 5)","(4, 10)","(4, 10)",4699,82,0,119,39,80577
"(3, 5)","(3, 4)","(4, 10)","(4, 10)",4699,82,0,119,39,80577
"(3, 5)","(3, 5)","(4, 10)","(4, 10)",4699,82,0,119,39,80577
"(3, 5)","(4, 5)","(4, 10)","(4, 10)",4699,82,0,119,39,80577
"(4, 5)","(3, 4)","(4, 10)","(4, 10)",4699,82,0,119,39,80577
"(4, 5)","(3, 5)","(4, 10)","(4, 10)",4699,82,0,119,39,80577
"(4, 5)","(4, 5)","(4, 10)","(4, 10)",4699,82,0,119,39,80577
"(3, 4)","(3, 4)","(3, 15)","(4, 8)",4354,71,0,120,40,76961
"(3, 4)","(3, 5)","(3, 15)","(4, 8)",4354,71,0,120,40,76961
"(3, 4)","(4, 5)","(3, 15)","(4, 8)",4354,71,0,120,40,76961
"(3, 5)","(3, 4)","(3, 15)","(4, 8)",4354,71,0,120,40,76961
"(3, 5)","(3, 5)","(3, 15)","(4, 8)",4354,71,0,120,40,76961
"(3, 5)","(4, 5)","(3, 15)","(4, 8)",4354,71,0,120,40,76961
"(4, 5)","(3, 4)","(3, 15)","(4, 8)",4354,71,0,120,40,76961
"(4, 5)","(3, 5)","(3, 15)","(4, 8)",4354,71,0,120,40,76961
"(4, 5)","(4, 5)","(3, 15)","(4, 8)",4354,71,0,120,40,76961
"(3, 4)","(3, 4)","(4, 10)","(4, 8)",5542,101,0,121,41,80739
"(3, 4)","(3, 5)","(4, 10)","(4, 8)",5542,101,0,121,41,80739
"(3, 4)","(4, 5)","(4, 10)","(4, 8)",5542,101,0,121,41,80739
"(3, 5)","(3, 4)","(4, 10)","(4, 8)",5542,101,0,121,41,80739
"(3, 5)","(3, 5)","(4, 10)","(4, 8)",5542,101,0,121,41,80739
"(3, 5)","(4, 5)","(4, 10)","(4, 8)",5542,101,0,121,41,80739
"(4, 5)","(3, 4)","(4, 10)","(4, 8)",5542,101,0,121,41,80739
"(4, 5)","(3, 5)","(4, 10)","(4, 8)",5542,101,0,121,41,80739
"(4, 5)","(4, 5)","(4, 10)","(4, 8)",5542,101,0,121,41,80739
"(3, 4)","(3, 4)","(4, 12)","(3, 10)",3871,56,0,122,42,81806
"(3, 4)","(3, 5)","(4, 12)","(3, 10)",3871,56,0,122,42,81806
"(3, 4)","(4, 5)","(4, 12)","(3, 10)",3871,56,0,122,42,81806
"(3, 5)","(3, 4)","(4, 12)","(3, 10)",3871,56,0,122,42,81806
"(3, 5)","(3, 5)","(4, 12)","(3, 10)",3871,56,0,122,42,81806
"(3, 5)","(4, 5)","(4, 12)","(3, 10)",3871,56,0,122,42,81806
"(4, 5)","(3, 4)","(4, 12)","(3, 10)",3871,56,0,122,42,81806
"(4, 5)","(3, 5)","(4, 12)","(3, 10)",3871,56,0,122,42,81806
"(4, 5)","(4, 5)","(4, 12)","(3, 10)",3871,56,0,122,42,81806
"(3, 4)","(3, 4)","(3, 10)","(4, 12)",3933,58,0,122,42,79053
"(3, 4)","(3, 5)","(3, 10)","(4, 12)",3933,58,0,122,42,79053
"(3, 4)","(4, 5)","(3, 10)","(4, 12)",3933,58,0,122,42,79053
"(3, 5)","(3, 4)","(3, 10)","(4, 12)",3933,58,0,122,42,79053
"(3, 5)","(3, 5)","(3, 10)","(4, 12)",3933,58,0,122,42,79053
"(3, 5)","(4, 5)","(3, 10)","(4, 12)",3933,58,0,122,42,79053
"(4, 5)","(3, 4)","(3, 10)","(4, 12)",3933,58,0,122,42,79053
"(4, 5)","(3, 5)","(3, 10)","(4, 12)",3933,58,0,122,42,79053
"(4, 5)","(4, 5)","(3, 10)","(4, 12)",3933,58,0,122,42,79053
"(3, 4)","(3, 4)","(4, 18)","(3, 6)",4803,85,0,124,43,75415
"(3, 4)","(3, 5)","(4, 18)","(3, 6)",4803,85,0,124,43,75415
"(3, 4)","(4, 5)","(4, 18)","(3, 6)",4803,85,0,124,43,75415
"(3, 5)","(3, 4)","(4, 18)","(3, 6)",4803,85,0,124,43,75415
"(3, 5)","(3, 5)","(4, 18)","(3, 6)",4803,85,0,124,43,75415
"(3, 5)","(4, 5)","(4, 18)","(3, 6)",4803,85,0,124,43,75415
"(4, 5)","(3, 4)","(4, 18)","(3, 6)",4803,85,0,124,43,75415
"(4, 5)","(3, 5)","(4, 18)","(3, 6)",4803,85,0,124,43,75415
"(4, 5)","(4, 5)","(4, 18)","(3, 6)",4803,85,0,124,43,75415
"(3, 4)","(3, 4)","(3, 12)","(4, 10)",3992,61,0,125,44,80514
"(3, 4)","(3, 5)","(3, 12)","(4, 10)",3992,61,0,125,44,80514
"(3, 4)","(4, 5)","(3, 12)","(4, 10)",3992,61,0,125,44,80514
"(3, 5)","(3, 4)","(3, 12)","(4, 10)",3992,61,0,125,44,80514
"(3, 5)","(3, 5)","(3, 12)","(4, 10)",3992,61,0,125,44,80514
"(3, 5)","(4, 5)","(3, 12)","(4, 10)",3992,61,0,125,44,80514
"(4, 5)","(3, 4)","(3, 12)","(4, 10)",3992,61,0,125,44,80514
"(4, 5)","(3, 5)","(3, 12)","(4, 10)",3992,61,0,125,44,80514
"(4, 5)","(4, 5)","(3, 12)","(4, 10)",3992,61,0,125,44,80514
"(3, 4)","(3, 4)","(3, 10)","(3, 18)",3209,33,0,126,45,85592
"(3, 4)","(3, 5)","(3, 10)","(3, 18)",3209,33,0,126,45,85592
"(3, 4)","(4, 5)","(3, 10)","(3, 18)",3209,33,0,126,45,85592
"(3, 5)","(3, 4)","(3, 10)","(3, 18)",3209,33,0,126,45,85592
"(3, 5)","(3, 5)","(3, 10)","(3, 18)",3209,33,0,126,45,85592
"(3, 5)","(4, 5)","(3, 10)","(3, 18)",3209,33,0,126,45,85592
"(4, 5)","(3, 4)","(3, 10)","(3, 18)",3209,33,0,126,45,85592
"(4, 5)","(3, 5)","(3, 10)","(3, 18)",3209,33,0,126,45,85592
"(4, 5)","(4, 5)","(3, 10)","(3, 18)",3209,33,0,126,45,85592
"(3, 4)","(3, 4)","(3, 10)","(3, 15)",3405,41,0,126,45,80878
"(3, 4)","(3, 5)","(3, 10)","(3, 15)",3405,41,0,126,45,80878
"(3, 4)","(4, 5)","(3, 10)","(3, 15)",3405,41,0,126,45,80878
"(3, 5)","(3, 4)","(3, 10)","(3, 15)",3405,41,0,126,45,80878
"(3, 5)","(3, 5)","(3, 10)","(3, 15)",3405,41,0,126,45,80878
"(3, 5)","(4, 5)","(3, 10)","(3, 15)",3405,41,0,126,45,80878
"(4, 5)","(3, 4)","(3, 10)","(3, 15)",3405,41,0,126,45,80878
"(4, 5)","(3, 5)","(3, 10)","(3, 15)",3405,41,0,126,45,80878
"(4, 5)","(4, 5)","(3, 10)","(3, 15)",3405,41,0,126,45,80878
"(3, 4)","(3, 4)","(4, 8)","(3, 18)",4438,75,0,126,45,82252
"(3, 4)","(3, 5)","(4, 8)","(3, 18)",4438,75,0,126,45,82252
"(3, 4)","(4, 5)","(4, 8)","(3, 18)",4438,75,0,126,45,82252
"(3, 5)","(3, 4)","(4, 8)","(3, 18)",4438,75,0,126,45,82252
"(3, 5)","(3, 5)","(4, 8)","(3, 18)",4438,75,0,126,45,82252
"(3, 5)","(4, 5)","(4, 8)","(3, 18)",4438,75,0,126,45,82252
"(4, 5)","(3, 4)","(4, 8)","(3, 18)",4438,75,0,126,45,82252
"(4, 5)","(3, 5)","(4, 8)","(3, 18)",4438,75,0,126,45,82252
"(4, 5)","(4, 5)","(4, 8)","(3, 18)",4438,75,0,126,45,82252
"(3, 4)","(3, 4)","(3, 12)","(3, 12)",3328,38,0,127,46,82106
"(3, 4)","(3, 5)","(3, 12)","(3, 12)",3328,38,0,127,46,82106
"(3, 4)","(4, 5)","(3, 12)","(3, 12)",3328,38,0,127,46,82106
"(3, 5)","(3, 4)","(3, 12)","(3, 12)",3328,38,0,127,46,82106
"(3, 5)","(3, 5)","(3, 12)","(3, 12)",3328,38,0,127,46,82106
"(3, 5)","(4, 5)","(3, 12)","(3, 12)",3328,38,0,127,46,82106
"(4, 5)","(3, 4)","(3, 12)","(3, 12)",3328,38,0,127,46,82106
"(4, 5)","(3, 5)","(3, 12)","(3, 12)",3328,38,0,127,46,82106
"(4, 5)","(4, 5)","(3, 12)","(3, 12)",3328,38,0,127,46,82106
"(3, 4)","(3, 4)","(3, 12)","(3, 15)",3008,26,0,128,47,75260
"(3, 4)","(3, 5)","(3, 12)","(3, 15)",3008,26,0,128,47,75260
"(3, 4)","(4, 5)","(3, 12)","(3, 15)",3008,26,0,128,47,75260
"(3, 5)","(3, 4)","(3, 12)","(3, 15)",3008,26,0,128,47,75260
"(3, 5)","(3, 5)","(3, 12)","(3, 15)",3008,26,0,128,47,75260
"(3, 5)","(4, 5)","(3, 12)","(3, 15)",3008,26,0,128,47,75260
"(4, 5)","(3, 4)","(3, 12)","(3, 15)",3008,26,0,128,47,75260
"(4, 5)","(3, 5)","(3, 12)","(3, 15)",3008,26,0,128,47,75260
"(4, 5)","(4, 5)","(3, 12)","(3, 15)",3008,26,0,128,47,75260
"(3, 4)","(3, 4)","(3, 18)","(3, 8)",3511,44,0,128,47,75938
"(3, 4)","(3, 5)","(3, 18)","(3, 8)",3511,44,0,128,47,75938
"(3, 4)","(4, 5)","(3, 18)","(3, 8)",3511,44,0,128,47,75938
"(3, 5)","(3, 4)","(3, 18)","(3, 8)",3511,44,0,128,47,75938
"(3, 5)","(3, 5)","(3, 18)","(3, 8)",3511,44,0,128,47,75938
"(3, 5)","(4, 5)","(3, 18)","(3, 8)",3511,44,0,128,47,75938
"(4, 5)","(3, 4)","(3, 18)","(3, 8)",3511,44,0,128,47,75938
"(4, 5)","(3, 5)","(3, 18)","(3, 8)",3511,44,0,128,47,75938
"(4, 5)","(4, 5)","(3, 18)","(3, 8)",3511,44,0,128,47,75938
"(3, 4)","(3, 4)","(4, 8)","(3, 15)",4645,81,0,128,47,78980
"(3, 4)","(3, 5)","(4, 8)","(3, 15)",4645,81,0,128,47,78980
"(3, 4)","(4, 5)","(4, 8)","(3, 15)",4645,81,0,128,47,78980
"(3, 5)","(3, 4)","(4, 8)","(3, 15)",4645,81,0,128,47,78980
"(3, 5)","(3, 5)","(4, 8)","(3, 15)",4645,81,0,128,47,78980
"(3, 5)","(4, 5)","(4, 8)","(3, 15)",4645,81,0,128,47,78980
"(4, 5)","(3, 4)","(4, 8)","(3, 15)",4645,81,0,128,47,78980
"(4, 5)","(3, 5)","(4, 8)","(3, 15)",4645,81,0,128,47,78980
"(4, 5)","(4, 5)","(4, 8)","(3, 15)",4645,81,0,128,47,78980
"(3, 4)","(3, 4)","(4, 6)","(4, 18)",6860,122,0,128,47,87076
"(3, 4)","(3, 5)","(4, 6)","(4, 18)",6860,122,0,128,47,87076
"(3, 4)","(4, 5)","(4, 6)","(4, 18)",6860,122,0,128,47,87076
"(3, 5)","(3, 4)","(4, 6)","(4, 18)",6860,122,0,128,47,87076
"(3, 5)","(3, 5)","(4, 6)","(4, 18)",6860,122,0,128,47,87076
"(3, 5)","(4, 5)","(4, 6)","(4, 18)",6860,122,0,128,47,87076
"(4, 5)","(3, 4)","(4, 6)","(4, 18)",6860,122,0,128,47,87076
"(4, 5)","(3, 5)","(4, 6)","(4, 18)",6860,122,0,128,47,87076
"(4, 5)","(4, 5)","(4, 6)","(4, 18)",6860,122,0,128,47,87076
"(3, 4)","(3, 4)","(4, 8)","(4, 10)",5632,104,0,129,48,87208
"(3, 4)","(3, 5)","(4, 8)","(4, 10)",5632,104,0,129,48,87208
"(3, 4)","(4, 5)","(4, 8)","(4, 10)",5632,104,0,129,48,87208
"(3, 5)","(3, 4)","(4, 8)","(4, 10)",5632,104,0,129,48,87208
"(3, 5)","(3, 5)","(4, 8)","(4, 10)",5632,104,0,129,48,87208
"(3, 5)","(4, 5)","(4, 8)","(4, 10)",5632,104,0,129,48,87208
"(4, 5)","(3, 4)","(4, 8)","(4, 10)",5632,104,0,129,48,87208
"(4, 5)","(3, 5)","(4, 8)","(4, 10)",5632,104,0,129,48,87208
"(4, 5)","(4, 5)","(4, 8)","(4, 10)",5632,104,0,129,48,87208
"(3, 4)","(3, 4)","(3, 15)","(3, 10)",3273,35,0,130,49,76486
"(3, 4)","(3, 5)","(3, 15)","(3, 10)",3273,35,0,130,49,76486
"(3, 4)","(4, 5)","(3, 15)","(3, 10)",3273,35,0,130,49,76486
"(3, 5)","(3, 4)","(3, 15)","(3, 10)",3273,35,0,130,49,76486
"(3, 5)","(3, 5)","(3, 15)","(3, 10)",3273,35,0,130,49,76486
"(3, 5)","(4, 5)","(3, 15)","(3, 10)",3273,35,0,130,49,76486
"(4, 5)","(3, 4)","(3, 15)","(3, 10)",3273,35,0,130,49,76486
"(4, 5)","(3, 5)","(3, 15)","(3, 10)",3273,35,0,130,49,76486
"(4, 5)","(4, 5)","(3, 15)","(3, 10)",3273,35,0,130,49,76486
"(3, 4)","(3, 4)","(4, 12)","(4, 6)",7206,126,0,130,49,89906
"(3, 4)","(3, 5)","(4, 12)","(4, 6)",7206,126,0,130,49,89906
"(3, 4)","(4, 5)","(4, 12)","(4, 6)",7206,126,0,130,49,89906
"(3, 5)","(3, 4)","(4, 12)","(4, 6)",7206,126,0,130,49,89906
"(3, 5)","(3, 5)","(4, 12)","(4, 6)",7206,126,0,130,49,89906
"(3, 5)","(4, 5)","(4, 12)","(4, 6)",7206,126,0,130,49,89906
"(4, 5)","(3, 4)","(4, 12)","(4, 6)",7206,126,0,130,49,89906
"(4, 5)","(3, 5)","(4, 12)","(4, 6)",7206,126,0,130,49,89906
"(4, 5)","(4, 5)","(4, 12)","(4, 6)",7206,126,0,130,49,89906
"(3, 4)","(3, 4)","(4, 6)","(4, 15)",7085,125,0,132,50,89596
"(3, 4)","(3, 5)","(4, 6)","(4, 15)",7085,125,0,132,50,89596
"(3, 4)","(4, 5)","(4, 6)","(4, 15)",7085,125,0,132,50,89596
"(3, 5)","(3, 4)","(4, 6)","(4, 15)",7085,125,0,132,50,89596
"(3, 5)","(3, 5)","(4, 6)","(4, 15)",7085,125,0,132,50,89596
"(3, 5)","(4, 5)","(4, 6)","(4, 15)",7085,125,0,132,50,89596
"(4, 5)","(3, 4)","(4, 6)","(4, 15)",7085,125,0,132,50,89596
"(4, 5)","(3, 5)","(4, 6)","(4, 15)",7085,125,0,132,50,89596
"(4, 5)","(4, 5)","(4, 6)","(4, 15)",7085,125,0,132,50,89596
"(3, 4)","(3, 4)","(3, 8)","(4, 18)",3988,59,0,133,51,81051
"(3, 4)","(3, 5)","(3, 8)","(4, 18)",3988,59,0,133,51,81051
"(3, 4)","(4, 5)","(3, 8)","(4, 18)",3988,59,0,133,51,81051
"(3, 5)","(3, 4)","(3, 8)","(4, 18)",3988,59,0,133,51,81051
"(3, 5)","(3, 5)","(3, 8)","(4, 18)",3988,59,0,133,51,81051
"(3, 5)","(4, 5)","(3, 8)","(4, 18)",3988,59,0,133,51,81051
"(4, 5)","(3, 4)","(3, 8)","(4, 18)",3988,59,0,133,51,81051
"(4, 5)","(3, 5)","(3, 8)","(4, 18)",3988,59,0,133,51,81051
"(4, 5)","(4, 5)","(3, 8)","(4, 18)",3988,59,0,133,51,81051
"(3, 4)","(3, 4)","(4, 8)","(3, 12)",4982,88,0,133,51,88305
"(3, 4)","(3, 5)","(4, 8)","(3, 12)",4982,88,0,133,51,88305
"(3, 4)","(4, 5)","(4, 8)","(3, 12)",4982,88,0,133,51,88305
"(3, 5)","(3, 4)","(4, 8)","(3, 12)",4982,88,0,133,51,88305
"(3, 5)","(3, 5)","(4, 8)","(3, 12)",4982,88,0,133,51,88305
"(3, 5)","(4, 5)","(4, 8)","(3, 12)",4982,88,0,133,51,88305
"(4, 5)","(3, 4)","(4, 8)","(3, 12)",4982,88,0,133,51,88305
"(4, 5)","(3, 5)","(4, 8)","(3, 12)",4982,88,0,133,51,88305
"(4, 5)","(4, 5)","(4, 8)","(3, 12)",4982,88,0,133,51,88305
"(3, 4)","(3, 4)","(4, 6)","(3, 18)",6787,120,0,133,51,90018
"(3, 4)","(3, 5)","(4, 6)","(3, 18)",6787,120,0,133,51,90018
"(3, 4)","(4, 5)","(4, 6)","(3, 18)",6787,120,0,133,51,90018
"(3, 5)","(3, 4)","(4, 6)","(3, 18)",6787,120,0,133,51,90018
"(3, 5)","(3, 5)","(4, 6)","(3, 18)",6787,120,0,133,51,90018
"(3, 5)","(4, 5)","(4, 6)","(3, 18)",6787,120,0,133,51,90018
"(4, 5)","(3, 4)","(4, 6)","(3, 18)",6787,120,0,133,51,90018
"(4, 5)","(3, 5)","(4, 6)","(3, 18)",6787,120,0,133,51,90018
"(4, 5)","(4, 5)","(4, 6)","(3, 18)",6787,120,0,133,51,90018
"(3, 4)","(3, 4)","(4, 6)","(4, 12)",7508,131,0,133,51,93610
"(3, 4)","(3, 5)","(4, 6)","(4, 12)",7508,131,0,133,51,93610
"(3, 4)","(4, 5)","(4, 6)","(4, 12)",7508,131,0,133,51,93610
"(3, 5)","(3, 4)","(4, 6)","(4, 12)",7508,131,0,133,51,93610
"(3, 5)","(3, 5)","(4, 6)","(4, 12)",7508,131,0,133,51,93610
"(3, 5)","(4, 5)","(4, 6)","(4, 12)",7508,131,0,133,51,93610
"(4, 5)","(3, 4)","(4, 6)","(4, 12)",7508,131,0,133,51,93610
"(4, 5)","(3, 5)","(4, 6)","(4, 12)",7508,131,0,133,51,93610
"(4, 5)","(4, 5)","(4, 6)","(4, 12)",7508,131,0,133,51,93610
"(3, 4)","(3, 4)","(4, 10)","(3, 10)",4386,72,0,135,52,80718
"(3, 4)","(3, 5)","(4, 10)","(3, 10)",4386,72,0,135,52,80718
"(3, 4)","(4, 5)","(4, 10)","(3, 10)",4386,72,0,135,52,80718
"(3, 5)","(3, 4)","(4, 10)","(3, 10)",4386,72,0,135,52,80718
"(3, 5)","(3, 5)","(4, 10)","(3, 10)",4386,72,0,135,52,80718
"(3, 5)","(4, 5)","(4, 10)","(3, 10)",4386,72,0,135,52,80718
"(4, 5)","(3, 4)","(4, 10)","(3, 10)",4386,72,0,135,52,80718
"(4, 5)","(3, 5)","(4, 10)","(3, 10)",4386,72,0,135,52,80718
"(4, 5)","(4, 5)","(4, 10)","(3, 10)",4386,72,0,135,52,80718
"(3, 4)","(3, 4)","(4, 12)","(3, 8)",4482,76,0,135,52,86275
"(3, 4)","(3, 5)","(4, 12)","(3, 8)",4482,76,0,135,52,86275
"(3, 4)","(4, 5)","(4, 12)","(3, 8)",4482,76,0,135,52,86275
"(3, 5)","(3, 4)","(4, 12)","(3, 8)",4482,76,0,135,52,86275
"(3, 5)","(3, 5)","(4, 12)","(3, 8)",4482,76,0,135,52,86275
"(3, 5)","(4, 5)","(4, 12)","(3, 8)",4482,76,0,135,52,86275
"(4, 5)","(3, 4)","(4, 12)","(3, 8)",4482,76,0,135,52,86275
"(4, 5)","(3, 5)","(4, 12)","(3, 8)",4482,76,0,135,52,86275
"(4, 5)","(4, 5)","(4, 12)","(3, 8)",4482,76,0,135,52,86275
"(3, 4)","(3, 4)","(3, 8)","(4, 12)",4636,80,0,135,52,83874
"(3, 4)","(3, 5)","(3, 8)","(4, 12)",4636,80,0,135,52,83874
"(3, 4)","(4, 5)","(3, 8)","(4, 12)",4636,80,0,135,52,83874
"(3, 5)","(3, 4)","(3, 8)","(4, 12)",4636,80,0,135,52,83874
"(3, 5)","(3, 5)","(3, 8)","(4, 12)",4636,80,0,135,52,83874
"(3, 5)","(4, 5)","(3, 8)","(4, 12)",4636,80,0,135,52,83874
"(4, 5)","(3, 4)","(3, 8)","(4, 12)",4636,80,0,135,52,83874
"(4, 5)","(3, 5)","(3, 8)","(4, 12)",4636,80,0,135,52,83874
"(4, 5)","(4, 5)","(3, 8)","(4, 12)",4636,80,0,135,52,83874
"(3, 4)","(3, 4)","(3, 15)","(4, 6)",6420,115,0,135,52,85161
"(3, 4)","(3, 5)","(3, 15)","(4, 6)",6420,115,0,135,52,85161
"(3, 4)","(4, 5)","(3, 15)","(4, 6)",6420,115,0,135,52,85161
"(3, 5)","(3, 4)","(3, 15)","(4, 6)",6420,115,0,135,52,85161
"(3, 5)","(3, 5)","(3, 15)","(4, 6)",6420,115,0,135,52,85161
"(3, 5)","(4, 5)","(3, 15)","(4, 6)",6420,115,0,135,52,85161
"(4, 5)","(3, 4)","(3, 15)","(4, 6)",6420,115,0,135,52,85161
"(4, 5)","(3, 5)","(3, 15)","(4, 6)",6420,115,0,135,52,85161
"(4, 5)","(4, 5)","(3, 15)","(4, 6)",6420,115,0,135,52,85161
"(3, 4)","(3, 4)","(3, 12)","(4, 8)",4862,87,0,136,53,84405
"(3, 4)","(3, 5)","(3, 12)","(4, 8)",4862,87,0,136,53,84405
"(3, 4)","(4, 5)","(3, 12)","(4, 8)",4862,87,0,136,53,84405
"(3, 5)","(3, 4)","(3, 12)","(4, 8)",4862,87,0,136,53,84405
"(3, 5)","(3, 5)","(3, 12)","(4, 8)",4862,87,0,136,53,84405
"(3, 5)","(4, 5)","(3, 12)","(4, 8)",4862,87,0,136,53,84405
"(4, 5)","(3, 4)","(3, 12)","(4, 8)",4862,87,0,136,53,84405
"(4, 5)","(3, 5)","(3, 12)","(4, 8)",4862,87,0,136,53,84405
"(4, 5)","(4, 5)","(3, 12)","(4, 8)",4862,87,0,136,53,84405
"(3, 4)","(3, 4)","(4, 8)","(4, 8)",6517,117,0,137,54,88738
"(3, 4)","(3, 5)","(4, 8)","(4, 8)",6517,117,0,137,54,88738
"(3, 4)","(4, 5)","(4, 8)","(4, 8)",6517,117,0,137,54,88738
"(3, 5)","(3, 4)","(4, 8)","(4, 8)",6517,117,0,137,54,88738
"(3, 5)","(3, 5)","(4, 8)","(4, 8)",6517,117,0,137,54,88738
"(3, 5)","(4, 5)","(4, 8)","(4, 8)",6517,117,0,137,54,88738
"(4, 5)","(3, 4)","(4, 8)","(4, 8)",6517,117,0,137,54,88738
"(4, 5)","(3, 5)","(4, 8)","(4, 8)",6517,117,0,137,54,88738
"(4, 5)","(4, 5)","(4, 8)","(4, 8)",6517,117,0,137,54,88738
"(3, 4)","(3, 4)","(3, 10)","(4, 10)",4396,73,0,138,55,84642
"(3, 4)","(3, 5)","(3, 10)","(4, 10)",4396,73,0,138,55,84642
"(3, 4)","(4, 5)","(3, 10)","(4, 10)",4396,73,0,138,55,84642
"(3, 5)","(3, 4)","(3, 10)","(4, 10)",4396,73,0,138,55,84642
"(3, 5)","(3, 5)","(3, 10)","(4, 10)",4396,73,0,138,55,84642
"(3, 5)","(4, 5)","(3, 10)","(4, 10)",4396,73,0,138,55,84642
"(4, 5)","(3, 4)","(3, 10)","(4, 10)",4396,73,0,138,55,84642
"(4, 5)","(3, 5)","(3, 10)","(4, 10)",4396,73,0,138,55,84642
"(4, 5)","(4, 5)","(3, 10)","(4, 10)",4396,73,0,138,55,84642
"(3, 4)","(3, 4)","(3, 12)","(3, 10)",3697,51,0,139,56,87562
"(3, 4)","(3, 5)","(3, 12)","(3, 10)",3697,51,0,139,56,87562
"(3, 4)","(4, 5)","(3, 12)","(3, 10)",3697,51,0,139,56,87562
"(3, 5)","(3, 4)","(3, 12)","(3, 10)",3697,51,0,139,56,87562
"(3, 5)","(3, 5)","(3, 12)","(3, 10)",3697,51,0,139,56,87562
"(3, 5)","(4, 5)","(3, 12)","(3, 10)",3697,51,0,139,56,87562
"(4, 5)","(3, 4)","(3, 12)","(3, 10)",3697,51,0,139,56,87562
"(4, 5)","(3, 5)","(3, 12)","(3, 10)",3697,51,0,139,56,87562
"(4, 5)","(4, 5)","(3, 12)","(3, 10)",3697,51,0,139,56,87562
"(3, 4)","(3, 4)","(4, 10)","(3, 8)",5010,89,0,139,56,86629
"(3, 4)","(3, 5)","(4, 10)","(3, 8)",5010,89,0,139,56,86629
"(3, 4)","(4, 5)","(4, 10)","(3, 8)",5010,89,0,139,56,86629
"(3, 5)","(3, 4)","(4, 10)","(3, 8)",5010,89,0,139,56,86629
"(3, 5)","(3, 5)","(4, 10)","(3, 8)",5010,89,0,139,56,86629
"(3, 5)","(4, 5)","(4, 10)","(3, 8)",5010,89,0,139,56,86629
"(4, 5)","(3, 4)","(4, 10)","(3, 8)",5010,89,0,139,56,86629
"(4, 5)","(3, 5)","(4, 10)","(3, 8)",5010,89,0,139,56,86629
"(4, 5)","(4, 5)","(4, 10)","(3, 8)",5010,89,0,139,56,86629
"(3, 4)","(3, 4)","(3, 8)","(4, 15)",4212,68,0,140,57,83911
"(3, 4)","(3, 5)","(3, 8)","(4, 15)",4212,68,0,140,57,83911
"(3, 4)","(4, 5)","(3, 8)","(4, 15)",4212,68,0,140,57,83911
"(3, 5)","(3, 4)","(3, 8)","(4, 15)",4212,68,0,140,57,83911
"(3, 5)","(3, 5)","(3, 8)","(4, 15)",4212,68,0,140,57,83911
"(3, 5)","(4, 5)","(3, 8)","(4, 15)",4212,68,0,140,57,83911
"(4, 5)","(3, 4)","(3, 8)","(4, 15)",4212,68,0,140,57,83911
"(4, 5)","(3, 5)","(3, 8)","(4, 15)",4212,68,0,140,57,83911
"(4, 5)","(4, 5)","(3, 8)","(4, 15)",4212,68,0,140,57,83911
"(3, 4)","(3, 4)","(4, 15)","(3, 6)",5241,94,0,140,57,86831
"(3, 4)","(3, 5)","(4, 15)","(3, 6)",5241,94,0,140,57,86831
"(3, 4)","(4, 5)","(4, 15)","(3, 6)",5241,94,0,140,57,86831
"(3, 5)","(3, 4)","(4, 15)","(3, 6)",5241,94,0,140,57,86831
"(3, 5)","(3, 5)","(4, 15)","(3, 6)",5241,94,0,140,57,86831
"(3, 5)","(4, 5)","(4, 15)","(3, 6)",5241,94,0,140,57,86831
"(4, 5)","(3, 4)","(4, 15)","(3, 6)",5241,94,0,140,57,86831
"(4, 5)","(3, 5)","(4, 15)","(3, 6)",5241,94,0,140,57,86831
"(4, 5)","(4, 5)","(4, 15)","(3, 6)",5241,94,0,140,57,86831
"(3, 4)","(3, 4)","(4, 6)","(3, 15)",6974,123,0,140,57,93433
"(3, 4)","(3, 5)","(4, 6)","(3, 15)",6974,123,0,140,57,93433
"(3, 4)","(4, 5)","(4, 6)","(3, 15)",6974,123,0,140,57,93433
"(3, 5)","(3, 4)","(4, 6)","(3, 15)",6974,123,0,140,57,93433
"(3, 5)","(3, 5)","(4, 6)","(3, 15)",6974,123,0,140,57,93433
"(3, 5)","(4, 5)","(4, 6)","(3, 15)",6974,123,0,140,57,93433
"(4, 5)","(3, 4)","(4, 6)","(3, 15)",6974,123,0,140,57,93433
"(4, 5)","(3, 5)","(4, 6)","(3, 15)",6974,123,0,140,57,93433
"(4, 5)","(4, 5)","(4, 6)","(3, 15)",6974,123,0,140,57,93433
"(3, 4)","(3, 4)","(4, 10)","(4, 6)",7723,133,0,140,57,90211
"(3, 4)","(3, 5)","(4, 10)","(4, 6)",7723,133,0,140,57,90211
"(3, 4)","(4, 5)","(4, 10)","(4, 6)",7723,133,0,140,57,90211
"(3, 5)","(3, 4)","(4, 10)","(4, 6)",7723,133,0,140,57,90211
"(3, 5)","(3, 5)","(4, 10)","(4, 6)",7723,133,0,140,57,90211
"(3, 5)","(4, 5)","(4, 10)","(4, 6)",7723,133,0,140,57,90211
"(4, 5)","(3, 4)","(4, 10)","(4, 6)",7723,133,0,140,57,90211
"(4, 5)","(3, 5)","(4, 10)","(4, 6)",7723,133,0,140,57,90211
"(4, 5)","(4, 5)","(4, 10)","(4, 6)",7723,133,0,140,57,90211
"(3, 4)","(3, 4)","(3, 10)","(3, 12)",3736,53,0,141,58,88148
"(3, 4)","(3, 5)","(3, 10)","(3, 12)",3736,53,0,141,58,88148
"(3, 4)","(4, 5)","(3, 10)","(3, 12)",3736,53,0,141,58,88148
"(3, 5)","(3, 4)","(3, 10)","(3, 12)",3736,53,0,141,58,88148
"(3, 5)","(3, 5)","(3, 10)","(3, 12)",3736,53,0,141,58,88148
"(3, 5)","(4, 5)","(3, 10)","(3, 12)",3736,53,0,141,58,88148
"(4, 5)","(3, 4)","(3, 10)","(3, 12)",3736,53,0,141,58,88148
"(4, 5)","(3, 5)","(3, 10)","(3, 12)",3736,53,0,141,58,88148
"(4, 5)","(4, 5)","(3, 10)","(3, 12)",3736,53,0,141,58,88148
"(3, 4)","(3, 4)","(3, 15)","(3, 8)",3857,55,0,141,58,83708
"(3, 4)","(3, 5)","(3, 15)","(3, 8)",3857,55,0,141,58,83708
"(3, 4)","(4, 5)","(3, 15)","(3, 8)",3857,55,0,141,58,83708
"(3, 5)","(3, 4)","(3, 15)","(3, 8)",3857,55,0,141,58,83708
"(3, 5)","(3, 5)","(3, 15)","(3, 8)",3857,55,0,141,58,83708
"(3, 5)","(4, 5)","(3, 15)","(3, 8)",3857,55,0,141,58,83708
"(4, 5)","(3, 4)","(3, 15)","(3, 8)",3857,55,0,141,58,83708
"(4, 5)","(3, 5)","(3, 15)","(3, 8)",3857,55,0,141,58,83708
"(4, 5)","(4, 5)","(3, 15)","(3, 8)",3857,55,0,141,58,83708
"(3, 4)","(3, 4)","(3, 18)","(3, 6)",4632,79,0,141,58,83035
"(3, 4)","(3, 5)","(3, 18)","(3, 6)",4632,79,0,141,58,83035
"(3, 4)","(4, 5)","(3, 18)","(3, 6)",4632,79,0,141,58,83035
"(3, 5)","(3, 4)","(3, 18)","(3, 6)",4632,79,0,141,58,83035
"(3, 5)","(3, 5)","(3, 18)","(3, 6)",4632,79,0,141,58,83035
"(3, 5)","(4, 5)","(3, 18)","(3, 6)",4632,79,0,141,58,83035
"(4, 5)","(3, 4)","(3, 18)","(3, 6)",4632,79,0,141,58,83035
"(4, 5)","(3, 5)","(3, 18)","(3, 6)",4632,79,0,141,58,83035
"(4, 5)","(4, 5)","(3, 18)","(3, 6)",4632,79,0,141,58,83035
"(3, 4)","(3, 4)","(3, 10)","(4, 8)",5283,95,0,142,59,87416
"(3, 4)","(3, 5)","(3, 10)","(4, 8)",5283,95,0,142,59,87416
"(3, 4)","(4, 5)","(3, 10)","(4, 8)",5283,95,0,142,59,87416
"(3, 5)","(3, 4)","(3, 10)","(4, 8)",5283,95,0,142,59,87416
"(3, 5)","(3, 5)","(3, 10)","(4, 8)",5283,95,0,142,59,87416
"(3, 5)","(4, 5)","(3, 10)","(4, 8)",5283,95,0,142,59,87416
"(4, 5)","(3, 4)","(3, 10)","(4, 8)",5283,95,0,142,59,87416
"(4, 5)","(3, 5)","(3, 10)","(4, 8)",5283,95,0,142,59,87416
"(4, 5)","(4, 5)","(3, 10)","(4, 8)",5283,95,0,142,59,87416
"(3, 4)","(3, 4)","(3, 8)","(3, 18)",3883,57,0,144,60,87209
"(3, 4)","(3, 5)","(3, 8)","(3, 18)",3883,57,0,144,60,87209
"(3, 4)","(4, 5)","(3, 8)","(3, 18)",3883,57,0,144,60,87209
"(3, 5)","(3, 4)","(3, 8)","(3, 18)",3883,57,0,144,60,87209
"(3, 5)","(3, 5)","(3, 8)","(3, 18)",3883,57,0,144,60,87209
"(3, 5)","(4, 5)","(3, 8)","(3, 18)",3883,57,0,144,60,87209
"(4, 5)","(3, 4)","(3, 8)","(3, 18)",3883,57,0,144,60,87209
"(4, 5)","(3, 5)","(3, 8)","(3, 18)",3883,57,0,144,60,87209
"(4, 5)","(4, 5)","(3, 8)","(3, 18)",3883,57,0,144,60,87209
"(3, 4)","(3, 4)","(3, 8)","(3, 15)",4090,64,0,148,61,84926
"(3, 4)","(3, 5)","(3, 8)","(3, 15)",4090,64,0,148,61,84926
"(3, 4)","(4, 5)","(3, 8)","(3, 15)",4090,64,0,148,61,84926
"(3, 5)","(3, 4)","(3, 8)","(3, 15)",4090,64,0,148,61,84926
"(3, 5)","(3, 5)","(3, 8)","(3, 15)",4090,64,0,148,61,84926
"(3, 5)","(4, 5)","(3, 8)","(3, 15)",4090,64,0,148,61,84926
"(4, 5)","(3, 4)","(3, 8)","(3, 15)",4090,64,0,148,61,84926
"(4, 5)","(3, 5)","(3, 8)","(3, 15)",4090,64,0,148,61,84926
"(4, 5)","(4, 5)","(3, 8)","(3, 15)",4090,64,0,148,61,84926
"(3, 4)","(3, 4)","(4, 6)","(3, 12)",7310,128,0,149,62,100340
"(3, 4)","(3, 5)","(4, 6)","(3, 12)",7310,128,0,149,62,100340
"(3, 4)","(4, 5)","(4, 6)","(3, 12)",7310,128,0,149,62,100340
"(3, 5)","(3, 4)","(4, 6)","(3, 12)",7310,128,0,149,62,100340
"(3, 5)","(3, 5)","(4, 6)","(3, 12)",7310,128,0,149,62,100340
"(3, 5)","(4, 5)","(4, 6)","(3, 12)",7310,128,0,149,62,100340
"(4, 5)","(3, 4)","(4, 6)","(3, 12)",7310,128,0,149,62,100340
"(4, 5)","(3, 5)","(4, 6)","(3, 12)",7310,128,0,149,62,100340
"(4, 5)","(4, 5)","(4, 6)","(3, 12)",7310,128,0,149,62,100340
"(3, 4)","(3, 4)","(4, 8)","(3, 10)",5355,98,0,150,63,90301
"(3, 4)","(3, 5)","(4, 8)","(3, 10)",5355,98,0,150,63,90301
"(3, 4)","(4, 5)","(4, 8)","(3, 10)",5355,98,0,150,63,90301
"(3, 5)","(3, 4)","(4, 8)","(3, 10)",5355,98,0,150,63,90301
"(3, 5)","(3, 5)","(4, 8)","(3, 10)",5355,98,0,150,63,90301
"(3, 5)","(4, 5)","(4, 8)","(3, 10)",5355,98,0,150,63,90301
"(4, 5)","(3, 4)","(4, 8)","(3, 10)",5355,98,0,150,63,90301
"(4, 5)","(3, 5)","(4, 8)","(3, 10)",5355,98,0,150,63,90301
"(4, 5)","(4, 5)","(4, 8)","(3, 10)",5355,98,0,150,63,90301
"(3, 4)","(3, 4)","(3, 12)","(4, 6)",7064,124,0,151,64,95471
"(3, 4)","(3, 5)","(3, 12)","(4, 6)",7064,124,0,151,64,95471
"(3, 4)","(4, 5)","(3, 12)","(4, 6)",7064,124,0,151,64,95471
"(3, 5)","(3, 4)","(3, 12)","(4, 6)",7064,124,0,151,64,95471
"(3, 5)","(3, 5)","(3, 12)","(4, 6)",7064,124,0,151,64,95471
"(3, 5)","(4, 5)","(3, 12)","(4, 6)",7064,124,0,151,64,95471
"(4, 5)","(3, 4)","(3, 12)","(4, 6)",7064,124,0,151,64,95471
"(4, 5)","(3, 5)","(3, 12)","(4, 6)",7064,124,0,151,64,95471
"(4, 5)","(4, 5)","(3, 12)","(4, 6)",7064,124,0,151,64,95471
"(3, 4)","(3, 4)","(4, 6)","(4, 10)",7981,134,0,152,65,101312
"(3, 4)","(3, 5)","(4, 6)","(4, 10)",7981,134,0,152,65,101312
"(3, 4)","(4, 5)","(4, 6)","(4, 10)",7981,134,0,152,65,101312
"(3, 5)","(3, 4)","(4, 6)","(4, 10)",7981,134,0,152,65,101312
"(3, 5)","(3, 5)","(4, 6)","(4, 10)",7981,134,0,152,65,101312
"(3, 5)","(4, 5)","(4, 6)","(4, 10)",7981,134,0,152,65,101312
"(4, 5)","(3, 4)","(4, 6)","(4, 10)",7981,134,0,152,65,101312
"(4, 5)","(3, 5)","(4, 6)","(4, 10)",7981,134,0,152,65,101312
"(4, 5)","(4, 5)","(4, 6)","(4, 10)",7981,134,0,152,65,101312
"(3, 4)","(3, 4)","(3, 8)","(4, 10)",5093,92,0,153,66,90067
"(3, 4)","(3, 5)","(3, 8)","(4, 10)",5093,92,0,153,66,90067
"(3, 4)","(4, 5)","(3, 8)","(4, 10)",5093,92,0,153,66,90067
"(3, 5)","(3, 4)","(3, 8)","(4, 10)",5093,92,0,153,66,90067
"(3, 5)","(3, 5)","(3, 8)","(4, 10)",5093,92,0,153,66,90067
"(3, 5)","(4, 5)","(3, 8)","(4, 10)",5093,92,0,153,66,90067
"(4, 5)","(3, 4)","(3, 8)","(4, 10)",5093,92,0,153,66,90067
"(4, 5)","(3, 5)","(3, 8)","(4, 10)",5093,92,0,153,66,90067
"(4, 5)","(4, 5)","(3, 8)","(4, 10)",5093,92,0,153,66,90067
"(3, 4)","(3, 4)","(3, 8)","(3, 12)",4430,74,0,154,67,90342
"(3, 4)","(3, 5)","(3, 8)","(3, 12)",4430,74,0,154,67,90342
"(3, 4)","(4, 5)","(3, 8)","(3, 12)",4430,74,0,154,67,90342
"(3, 5)","(3, 4)","(3, 8)","(3, 12)",4430,74,0,154,67,90342
"(3, 5)","(3, 5)","(3, 8)","(3, 12)",4430,74,0,154,67,90342
"(3, 5)","(4, 5)","(3, 8)","(3, 12)",4430,74,0,154,67,90342
"(4, 5)","(3, 4)","(3, 8)","(3, 12)",4430,74,0,154,67,90342
"(4, 5)","(3, 5)","(3, 8)","(3, 12)",4430,74,0,154,67,90342
"(4, 5)","(4, 5)","(3, 8)","(3, 12)",4430,74,0,154,67,90342
"(3, 4)","(3, 4)","(3, 10)","(3, 10)",4107,65,0,155,68,91788
"(3, 4)","(3, 5)","(3, 10)","(3, 10)",4107,65,0,155,68,91788
"(3, 4)","(4, 5)","(3, 10)","(3, 10)",4107,65,0,155,68,91788
"(3, 5)","(3, 4)","(3, 10)","(3, 10)",4107,65,0,155,68,91788
"(3, 5)","(3, 5)","(3, 10)","(3, 10)",4107,65,0,155,68,91788
"(3, 5)","(4, 5)","(3, 10)","(3, 10)",4107,65,0,155,68,91788
"(4, 5)","(3, 4)","(3, 10)","(3, 10)",4107,65,0,155,68,91788
"(4, 5)","(3, 5)","(3, 10)","(3, 10)",4107,65,0,155,68,91788
"(4, 5)","(4, 5)","(3, 10)","(3, 10)",4107,65,0,155,68,91788
"(3, 4)","(3, 4)","(4, 12)","(3, 6)",5759,105,0,155,68,96020
"(3, 4)","(3, 5)","(4, 12)","(3, 6)",5759,105,0,155,68,96020
"(3, 4)","(4, 5)","(4, 12)","(3, 6)",5759,105,0,155,68,96020
"(3, 5)","(3, 4)","(4, 12)","(3, 6)",5759,105,0,155,68,96020
"(3, 5)","(3, 5)","(4, 12)","(3, 6)",5759,105,0,155,68,96020
"(3, 5)","(4, 5)","(4, 12)","(3, 6)",5759,105,0,155,68,96020
"(4, 5)","(3, 4)","(4, 12)","(3, 6)",5759,105,0,155,68,96020
"(4, 5)","(3, 5)","(4, 12)","(3, 6)",5759,105,0,155,68,96020
"(4, 5)","(4, 5)","(4, 12)","(3, 6)",5759,105,0,155,68,96020
"(3, 4)","(3, 4)","(4, 8)","(4, 6)",8739,138,0,155,68,98981
"(3, 4)","(3, 5)","(4, 8)","(4, 6)",8739,138,0,155,68,98981
"(3, 4)","(4, 5)","(4, 8)","(4, 6)",8739,138,0,155,68,98981
"(3, 5)","(3, 4)","(4, 8)","(4, 6)",8739,138,0,155,68,98981
"(3, 5)","(3, 5)","(4, 8)","(4, 6)",8739,138,0,155,68,98981
"(3, 5)","(4, 5)","(4, 8)","(4, 6)",8739,138,0,155,68,98981
"(4, 5)","(3, 4)","(4, 8)","(4, 6)",8739,138,0,155,68,98981
"(4, 5)","(3, 5)","(4, 8)","(4, 6)",8739,138,0,155,68,98981
"(4, 5)","(4, 5)","(4, 8)","(4, 6)",8739,138,0,155,68,98981
"(3, 4)","(3, 4)","(3, 6)","(4, 18)",5354,97,0,159,69,92657
"(3, 4)","(3, 5)","(3, 6)","(4, 18)",5354,97,0,159,69,92657
"(3, 4)","(4, 5)","(3, 6)","(4, 18)",5354,97,0,159,69,92657
"(3, 5)","(3, 4)","(3, 6)","(4, 18)",5354,97,0,159,69,92657
"(3, 5)","(3, 5)","(3, 6)","(4, 18)",5354,97,0,159,69,92657
"(3, 5)","(4, 5)","(3, 6)","(4, 18)",5354,97,0,159,69,92657
"(4, 5)","(3, 4)","(3, 6)","(4, 18)",5354,97,0,159,69,92657
"(4, 5)","(3, 5)","(3, 6)","(4, 18)",5354,97,0,159,69,92657
"(4, 5)","(4, 5)","(3, 6)","(4, 18)",5354,97,0,159,69,92657
"(3, 4)","(3, 4)","(4, 6)","(4, 8)",8879,139,0,159,69,102323
"(3, 4)","(3, 5)","(4, 6)","(4, 8)",8879,139,0,159,69,102323
"(3, 4)","(4, 5)","(4, 6)","(4, 8)",8879,139,0,159,69,102323
"(3, 5)","(3, 4)","(4, 6)","(4, 8)",8879,139,0,159,69,102323
"(3, 5)","(3, 5)","(4, 6)","(4, 8)",8879,139,0,159,69,102323
"(3, 5)","(4, 5)","(4, 6)","(4, 8)",8879,139,0,159,69,102323
"(4, 5)","(3, 4)","(4, 6)","(4, 8)",8879,139,0,159,69,102323
"(4, 5)","(3, 5)","(4, 6)","(4, 8)",8879,139,0,159,69,102323
"(4, 5)","(4, 5)","(4, 6)","(4, 8)",8879,139,0,159,69,102323
"(3, 4)","(3, 4)","(3, 12)","(3, 8)",4323,70,0,160,70,93279
"(3, 4)","(3, 5)","(3, 12)","(3, 8)",4323,70,0,160,70,93279
"(3, 4)","(4, 5)","(3, 12)","(3, 8)",4323,70,0,160,70,93279
"(3, 5)","(3, 4)","(3, 12)","(3, 8)",4323,70,0,160,70,93279
"(3, 5)","(3, 5)","(3, 12)","(3, 8)",4323,70,0,160,70,93279
"(3, 5)","(4, 5)","(3, 12)","(3, 8)",4323,70,0,160,70,93279
"(4, 5)","(3, 4)","(3, 12)","(3, 8)",4323,70,0,160,70,93279
"(4, 5)","(3, 5)","(3, 12)","(3, 8)",4323,70,0,160,70,93279
"(4, 5)","(4, 5)","(3, 12)","(3, 8)",4323,70,0,160,70,93279
"(3, 4)","(3, 4)","(3, 15)","(3, 6)",5057,91,0,160,70,90565
"(3, 4)","(3, 5)","(3, 15)","(3, 6)",5057,91,0,160,70,90565
"(3, 4)","(4, 5)","(3, 15)","(3, 6)",5057,91,0,160,70,90565
"(3, 5)","(3, 4)","(3, 15)","(3, 6)",5057,91,0,160,70,90565
"(3, 5)","(3, 5)","(3, 15)","(3, 6)",5057,91,0,160,70,90565
"(3, 5)","(4, 5)","(3, 15)","(3, 6)",5057,91,0,160,70,90565
"(4, 5)","(3, 4)","(3, 15)","(3, 6)",5057,91,0,160,70,90565
"(4, 5)","(3, 5)","(3, 15)","(3, 6)",5057,91,0,160,70,90565
"(4, 5)","(4, 5)","(3, 15)","(3, 6)",5057,91,0,160,70,90565
"(3, 4)","(3, 4)","(4, 6)","(3, 10)",7699,132,0,161,71,105003
"(3, 4)","(3, 5)","(4, 6)","(3, 10)",7699,132,0,161,71,105003
"(3, 4)","(4, 5)","(4, 6)","(3, 10)",7699,132,0,161,71,105003
"(3, 5)","(3, 4)","(4, 6)","(3, 10)",7699,132,0,161,71,105003
"(3, 5)","(3, 5)","(4, 6)","(3, 10)",7699,132,0,161,71,105003
"(3, 5)","(4, 5)","(4, 6)","(3, 10)",7699,132,0,161,71,105003
"(4, 5)","(3, 4)","(4, 6)","(3, 10)",7699,132,0,161,71,105003
"(4, 5)","(3, 5)","(4, 6)","(3, 10)",7699,132,0,161,71,105003
"(4, 5)","(4, 5)","(4, 6)","(3, 10)",7699,132,0,161,71,105003
"(3, 4)","(3, 4)","(3, 10)","(4, 6)",7498,130,0,162,72,98665
"(3, 4)","(3, 5)","(3, 10)","(4, 6)",7498,130,0,162,72,98665
"(3, 4)","(4, 5)","(3, 10)","(4, 6)",7498,130,0,162,72,98665
"(3, 5)","(3, 4)","(3, 10)","(4, 6)",7498,130,0,162,72,98665
"(3, 5)","(3, 5)","(3, 10)","(4, 6)",7498,130,0,162,72,98665
"(3, 5)","(4, 5)","(3, 10)","(4, 6)",7498,130,0,162,72,98665
"(4, 5)","(3, 4)","(3, 10)","(4, 6)",7498,130,0,162,72,98665
"(4, 5)","(3, 5)","(3, 10)","(4, 6)",7498,130,0,162,72,98665
"(4, 5)","(4, 5)","(3, 10)","(4, 6)",7498,130,0,162,72,98665
"(3, 4)","(3, 4)","(4, 8)","(3, 8)",5971,108,0,164,73,97341
"(3, 4)","(3, 5)","(4, 8)","(3, 8)",5971,108,0,164,73,97341
"(3, 4)","(4, 5)","(4, 8)","(3, 8)",5971,108,0,164,73,97341
"(3, 5)","(3, 4)","(4, 8)","(3, 8)",5971,108,0,164,73,97341
"(3, 5)","(3, 5)","(4, 8)","(3, 8)",5971,108,0,164,73,97341
"(3, 5)","(4, 5)","(4, 8)","(3, 8)",5971,108,0,164,73,97341
"(4, 5)","(3, 4)","(4, 8)","(3, 8)",5971,108,0,164,73,97341
"(4, 5)","(3, 5)","(4, 8)","(3, 8)",5971,108,0,164,73,97341
"(4, 5)","(4, 5)","(4, 8)","(3, 8)",5971,108,0,164,73,97341
"(3, 4)","(3, 4)","(3, 6)","(4, 12)",6010,110,0,164,73,99542
"(3, 4)","(3, 5)","(3, 6)","(4, 12)",6010,110,0,164,73,99542
"(3, 4)","(4, 5)","(3, 6)","(4, 12)",6010,110,0,164,73,99542
"(3, 5)","(3, 4)","(3, 6)","(4, 12)",6010,110,0,164,73,99542
"(3, 5)","(3, 5)","(3, 6)","(4, 12)",6010,110,0,164,73,99542
"(3, 5)","(4, 5)","(3, 6)","(4, 12)",6010,110,0,164,73,99542
"(4, 5)","(3, 4)","(3, 6)","(4, 12)",6010,110,0,164,73,99542
"(4, 5)","(3, 5)","(3, 6)","(4, 12)",6010,110,0,164,73,99542
"(4, 5)","(4, 5)","(3, 6)","(4, 12)",6010,110,0,164,73,99542
"(3, 4)","(3, 4)","(3, 10)","(3, 8)",4736,83,0,166,74,97544
"(3, 4)","(3, 5)","(3, 10)","(3, 8)",4736,83,0,166,74,97544
"(3, 4)","(4, 5)","(3, 10)","(3, 8)",4736,83,0,166,74,97544
"(3, 5)","(3, 4)","(3, 10)","(3, 8)",4736,83,0,166,74,97544
"(3, 5)","(3, 5)","(3, 10)","(3, 8)",4736,83,0,166,74,97544
"(3, 5)","(4, 5)","(3, 10)","(3, 8)",4736,83,0,166,74,97544
"(4, 5)","(3, 4)","(3, 10)","(3, 8)",4736,83,0,166,74,97544
"(4, 5)","(3, 5)","(3, 10)","(3, 8)",4736,83,0,166,74,97544
"(4, 5)","(4, 5)","(3, 10)","(3, 8)",4736,83,0,166,74,97544
"(3, 4)","(3, 4)","(3, 6)","(4, 15)",5577,102,0,166,74,96895
"(3, 4)","(3, 5)","(3, 6)","(4, 15)",5577,102,0,166,74,96895
"(3, 4)","(4, 5)","(3, 6)","(4, 15)",5577,102,0,166,74,96895
"(3, 5)","(3, 4)","(3, 6)","(4, 15)",5577,102,0,166,74,96895
"(3, 5)","(3, 5)","(3, 6)","(4, 15)",5577,102,0,166,74,96895
"(3, 5)","(4, 5)","(3, 6)","(4, 15)",5577,102,0,166,74,96895
"(4, 5)","(3, 4)","(3, 6)","(4, 15)",5577,102,0,166,74,96895
"(4, 5)","(3, 5)","(3, 6)","(4, 15)",5577,102,0,166,74,96895
"(4, 5)","(4, 5)","(3, 6)","(4, 15)",5577,102,0,166,74,96895
"(3, 4)","(3, 4)","(3, 8)","(4, 8)",5981,109,0,166,74,93518
"(3, 4)","(3, 5)","(3, 8)","(4, 8)",5981,109,0,166,74,93518
"(3, 4)","(4, 5)","(3, 8)","(4, 8)",5981,109,0,166,74,93518
"(3, 5)","(3, 4)","(3, 8)","(4, 8)",5981,109,0,166,74,93518
"(3, 5)","(3, 5)","(3, 8)","(4, 8)",5981,109,0,166,74,93518
"(3, 5)","(4, 5)","(3, 8)","(4, 8)",5981,109,0,166,74,93518
"(4, 5)","(3, 4)","(3, 8)","(4, 8)",5981,109,0,166,74,93518
"(4, 5)","(3, 5)","(3, 8)","(4, 8)",5981,109,0,166,74,93518
"(4, 5)","(4, 5)","(3, 8)","(4, 8)",5981,109,0,166,74,93518
"(3, 4)","(3, 4)","(3, 6)","(3, 18)",5288,96,0,169,75,100176
"(3, 4)","(3, 5)","(3, 6)","(3, 18)",5288,96,0,169,75,100176
"(3, 4)","(4, 5)","(3, 6)","(3, 18)",5288,96,0,169,75,100176
"(3, 5)","(3, 4)","(3, 6)","(3, 18)",5288,96,0,169,75,100176
"(3, 5)","(3, 5)","(3, 6)","(3, 18)",5288,96,0,169,75,100176
"(3, 5)","(4, 5)","(3, 6)","(3, 18)",5288,96,0,169,75,100176
"(4, 5)","(3, 4)","(3, 6)","(3, 18)",5288,96,0,169,75,100176
"(4, 5)","(3, 5)","(3, 6)","(3, 18)",5288,96,0,169,75,100176
"(4, 5)","(4, 5)","(3, 6)","(3, 18)",5288,96,0,169,75,100176
"(3, 4)","(3, 4)","(3, 8)","(3, 10)",4812,86,0,170,76,94931
"(3, 4)","(3, 5)","(3, 8)","(3, 10)",4812,86,0,170,76,94931
"(3, 4)","(4, 5)","(3, 8)","(3, 10)",4812,86,0,170,76,94931
"(3, 5)","(3, 4)","(3, 8)","(3, 10)",4812,86,0,170,76,94931
"(3, 5)","(3, 5)","(3, 8)","(3, 10)",4812,86,0,170,76,94931
"(3, 5)","(4, 5)","(3, 8)","(3, 10)",4812,86,0,170,76,94931
"(4, 5)","(3, 4)","(3, 8)","(3, 10)",4812,86,0,170,76,94931
"(4, 5)","(3, 5)","(3, 8)","(3, 10)",4812,86,0,170,76,94931
"(4, 5)","(4, 5)","(3, 8)","(3, 10)",4812,86,0,170,76,94931
"(3, 4)","(3, 4)","(4, 10)","(3, 6)",6287,114,0,171,77,96028
"(3, 4)","(3, 5)","(4, 10)","(3, 6)",6287,114,0,171,77,96028
"(3, 4)","(4, 5)","(4, 10)","(3, 6)",6287,114,0,171,77,96028
"(3, 5)","(3, 4)","(4, 10)","(3, 6)",6287,114,0,171,77,96028
"(3, 5)","(3, 5)","(4, 10)","(3, 6)",6287,114,0,171,77,96028
"(3, 5)","(4, 5)","(4, 10)","(3, 6)",6287,114,0,171,77,96028
"(4, 5)","(3, 4)","(4, 10)","(3, 6)",6287,114,0,171,77,96028
"(4, 5)","(3, 5)","(4, 10)","(3, 6)",6287,114,0,171,77,96028
"(4, 5)","(4, 5)","(4, 10)","(3, 6)",6287,114,0,171,77,96028
"(3, 4)","(3, 4)","(4, 6)","(4, 6)",11149,142,0,174,78,112812
"(3, 4)","(3, 5)","(4, 6)","(4, 6)",11149,142,0,174,78,112812
"(3, 4)","(4, 5)","(4, 6)","(4, 6)",11149,142,0,174,78,112812
"(3, 5)","(3, 4)","(4, 6)","(4, 6)",11149,142,0,174,78,112812
"(3, 5)","(3, 5)","(4, 6)","(4, 6)",11149,142,0,174,78,112812
"(3, 5)","(4, 5)","(4, 6)","(4, 6)",11149,142,0,174,78,112812
"(4, 5)","(3, 4)","(4, 6)","(4, 6)",11149,142,0,174,78,112812
"(4, 5)","(3, 5)","(4, 6)","(4, 6)",11149,142,0,174,78,112812
"(4, 5)","(4, 5)","(4, 6)","(4, 6)",11149,142,0,174,78,112812
"(3, 4)","(3, 4)","(3, 6)","(3, 15)",5477,100,0,177,79,102958
"(3, 4)","(3, 5)","(3, 6)","(3, 15)",5477,100,0,177,79,102958
"(3, 4)","(4, 5)","(3, 6)","(3, 15)",5477,100,0,177,79,102958
"(3, 5)","(3, 4)","(3, 6)","(3, 15)",5477,100,0,177,79,102958
"(3, 5)","(3, 5)","(3, 6)","(3, 15)",5477,100,0,177,79,102958
"(3, 5)","(4, 5)","(3, 6)","(3, 15)",5477,100,0,177,79,102958
"(4, 5)","(3, 4)","(3, 6)","(3, 15)",5477,100,0,177,79,102958
"(4, 5)","(3, 5)","(3, 6)","(3, 15)",5477,100,0,177,79,102958
"(4, 5)","(4, 5)","(3, 6)","(3, 15)",5477,100,0,177,79,102958
"(3, 4)","(3, 4)","(3, 8)","(4, 6)",8223,136,0,178,80,103763
"(3, 4)","(3, 5)","(3, 8)","(4, 6)",8223,136,0,178,80,103763
"(3, 4)","(4, 5)","(3, 8)","(4, 6)",8223,136,0,178,80,103763
"(3, 5)","(3, 4)","(3, 8)","(4, 6)",8223,136,0,178,80,103763
"(3, 5)","(3, 5)","(3, 8)","(4, 6)",8223,136,0,178,80,103763
"(3, 5)","(4, 5)","(3, 8)","(4, 6)",8223,136,0,178,80,103763
"(4, 5)","(3, 4)","(3, 8)","(4, 6)",8223,136,0,178,80,103763
"(4, 5)","(3, 5)","(3, 8)","(4, 6)",8223,136,0,178,80,103763
"(4, 5)","(4, 5)","(3, 8)","(4, 6)",8223,136,0,178,80,103763
"(3, 4)","(3, 4)","(4, 6)","(3, 8)",8332,137,0,178,80,112783
"(3, 4)","(3, 5)","(4, 6)","(3, 8)",8332,137,0,178,80,112783
"(3, 4)","(4, 5)","(4, 6)","(3, 8)",8332,137,0,178,80,112783
"(3, 5)","(3, 4)","(4, 6)","(3, 8)",8332,137,0,178,80,112783
"(3, 5)","(3, 5)","(4, 6)","(3, 8)",8332,137,0,178,80,112783
"(3, 5)","(4, 5)","(4, 6)","(3, 8)",8332,137,0,178,80,112783
"(4, 5)","(3, 4)","(4, 6)","(3, 8)",8332,137,0,178,80,112783
"(4, 5)","(3, 5)","(4, 6)","(3, 8)",8332,137,0,178,80,112783
"(4, 5)","(4, 5)","(4, 6)","(3, 8)",8332,137,0,178,80,112783
"(3, 4)","(3, 4)","(3, 12)","(3, 6)",5600,103,0,181,81,101089
"(3, 4)","(3, 5)","(3, 12)","(3, 6)",5600,103,0,181,81,101089
"(3, 4)","(4, 5)","(3, 12)","(3, 6)",5600,103,0,181,81,101089
"(3, 5)","(3, 4)","(3, 12)","(3, 6)",5600,103,0,181,81,101089
"(3, 5)","(3, 5)","(3, 12)","(3, 6)",5600,103,0,181,81,101089
"(3, 5)","(4, 5)","(3, 12)","(3, 6)",5600,103,0,181,81,101089
"(4, 5)","(3, 4)","(3, 12)","(3, 6)",5600,103,0,181,81,101089
"(4, 5)","(3, 5)","(3, 12)","(3, 6)",5600,103,0,181,81,101089
"(4, 5)","(4, 5)","(3, 12)","(3, 6)",5600,103,0,181,81,101089
"(3, 4)","(3, 4)","(3, 6)","(4, 10)",6486,116,0,181,81,104759
"(3, 4)","(3, 5)","(3, 6)","(4, 10)",6486,116,0,181,81,104759
"(3, 4)","(4, 5)","(3, 6)","(4, 10)",6486,116,0,181,81,104759
"(3, 5)","(3, 4)","(3, 6)","(4, 10)",6486,116,0,181,81,104759
"(3, 5)","(3, 5)","(3, 6)","(4, 10)",6486,116,0,181,81,104759
"(3, 5)","(4, 5)","(3, 6)","(4, 10)",6486,116,0,181,81,104759
"(4, 5)","(3, 4)","(3, 6)","(4, 10)",6486,116,0,181,81,104759
"(4, 5)","(3, 5)","(3, 6)","(4, 10)",6486,116,0,181,81,104759
"(4, 5)","(4, 5)","(3, 6)","(4, 10)",6486,116,0,181,81,104759
"(3, 4)","(3, 4)","(3, 6)","(3, 12)",5799,106,0,183,82,110739
"(3, 4)","(3, 5)","(3, 6)","(3, 12)",5799,106,0,183,82,110739
"(3, 4)","(4, 5)","(3, 6)","(3, 12)",5799,106,0,183,82,110739
"(3, 5)","(3, 4)","(3, 6)","(3, 12)",5799,106,0,183,82,110739
"(3, 5)","(3, 5)","(3, 6)","(3, 12)",5799,106,0,183,82,110739
"(3, 5)","(4, 5)","(3, 6)","(3, 12)",5799,106,0,183,82,110739
"(4, 5)","(3, 4)","(3, 6)","(3, 12)",5799,106,0,183,82,110739
"(4, 5)","(3, 5)","(3, 6)","(3, 12)",5799,106,0,183,82,110739
"(4, 5)","(4, 5)","(3, 6)","(3, 12)",5799,106,0,183,82,110739
"(3, 4)","(3, 4)","(3, 6)","(4, 8)",7398,129,0,188,83,110126
"(3, 4)","(3, 5)","(3, 6)","(4, 8)",7398,129,0,188,83,110126
"(3, 4)","(4, 5)","(3, 6)","(4, 8)",7398,129,0,188,83,110126
"(3, 5)","(3, 4)","(3, 6)","(4, 8)",7398,129,0,188,83,110126
"(3, 5)","(3, 5)","(3, 6)","(4, 8)",7398,129,0,188,83,110126
"(3, 5)","(4, 5)","(3, 6)","(4, 8)",7398,129,0,188,83,110126
"(4, 5)","(3, 4)","(3, 6)","(4, 8)",7398,129,0,188,83,110126
"(4, 5)","(3, 5)","(3, 6)","(4, 8)",7398,129,0,188,83,110126
"(4, 5)","(4, 5)","(3, 6)","(4, 8)",7398,129,0,188,83,110126
"(3, 4)","(3, 4)","(3, 8)","(3, 8)",5430,99,0,190,84,102188
"(3, 4)","(3, 5)","(3, 8)","(3, 8)",5430,99,0,190,84,102188
"(3, 4)","(4, 5)","(3, 8)","(3, 8)",5430,99,0,190,84,102188
"(3, 5)","(3, 4)","(3, 8)","(3, 8)",5430,99,0,190,84,102188
"(3, 5)","(3, 5)","(3, 8)","(3, 8)",5430,99,0,190,84,102188
"(3, 5)","(4, 5)","(3, 8)","(3, 8)",5430,99,0,190,84,102188
"(4, 5)","(3, 4)","(3, 8)","(3, 8)",5430,99,0,190,84,102188
"(4, 5)","(3, 5)","(3, 8)","(3, 8)",5430,99,0,190,84,102188
"(4, 5)","(4, 5)","(3, 8)","(3, 8)",5430,99,0,190,84,102188
"(3, 4)","(3, 4)","(3, 10)","(3, 6)",6034,111,0,190,84,104017
"(3, 4)","(3, 5)","(3, 10)","(3, 6)",6034,111,0,190,84,104017
"(3, 4)","(4, 5)","(3, 10)","(3, 6)",6034,111,0,190,84,104017
"(3, 5)","(3, 4)","(3, 10)","(3, 6)",6034,111,0,190,84,104017
"(3, 5)","(3, 5)","(3, 10)","(3, 6)",6034,111,0,190,84,104017
"(3, 5)","(4, 5)","(3, 10)","(3, 6)",6034,111,0,190,84,104017
"(4, 5)","(3, 4)","(3, 10)","(3, 6)",6034,111,0,190,84,104017
"(4, 5)","(3, 5)","(3, 10)","(3, 6)",6034,111,0,190,84,104017
"(4, 5)","(4, 5)","(3, 10)","(3, 6)",6034,111,0,190,84,104017
"(3, 4)","(3, 4)","(4, 8)","(3, 6)",7261,127,0,190,84,106424
"(3, 4)","(3, 5)","(4, 8)","(3, 6)",7261,127,0,190,84,106424
"(3, 4)","(4, 5)","(4, 8)","(3, 6)",7261,127,0,190,84,106424
"(3, 5)","(3, 4)","(4, 8)","(3, 6)",7261,127,0,190,84,106424
"(3, 5)","(3, 5)","(4, 8)","(3, 6)",7261,127,0,190,84,106424
"(3, 5)","(4, 5)","(4, 8)","(3, 6)",7261,127,0,190,84,106424
"(4, 5)","(3, 4)","(4, 8)","(3, 6)",7261,127,0,190,84,106424
"(4, 5)","(3, 5)","(4, 8)","(3, 6)",7261,127,0,190,84,106424
"(4, 5)","(4, 5)","(4, 8)","(3, 6)",7261,127,0,190,84,106424
"(3, 4)","(3, 4)","(3, 6)","(3, 10)",6199,113,0,198,85,113980
"(3, 4)","(3, 5)","(3, 6)","(3, 10)",6199,113,0,198,85,113980
"(3, 4)","(4, 5)","(3, 6)","(3, 10)",6199,113,0,198,85,113980
"(3, 5)","(3, 4)","(3, 6)","(3, 10)",6199,113,0,198,85,113980
"(3, 5)","(3, 5)","(3, 6)","(3, 10)",6199,113,0,198,85,113980
"(3, 5)","(4, 5)","(3, 6)","(3, 10)",6199,113,0,198,85,113980
"(4, 5)","(3, 4)","(3, 6)","(3, 10)",6199,113,0,198,85,113980
"(4, 5)","(3, 5)","(3, 6)","(3, 10)",6199,113,0,198,85,113980
"(4, 5)","(4, 5)","(3, 6)","(3, 10)",6199,113,0,198,85,113980
"(3, 4)","(3, 4)","(4, 6)","(3, 6)",9655,140,0,203,86,119413
"(3, 4)","(3, 5)","(4, 6)","(3, 6)",9655,140,0,203,86,119413
"(3, 4)","(4, 5)","(4, 6)","(3, 6)",9655,140,0,203,86,119413
"(3, 5)","(3, 4)","(4, 6)","(3, 6)",9655,140,0,203,86,119413
"(3, 5)","(3, 5)","(4, 6)","(3, 6)",9655,140,0,203,86,119413
"(3, 5)","(4, 5)","(4, 6)","(3, 6)",9655,140,0,203,86,119413
"(4, 5)","(3, 4)","(4, 6)","(3, 6)",9655,140,0,203,86,119413
"(4, 5)","(3, 5)","(4, 6)","(3, 6)",9655,140,0,203,86,119413
"(4, 5)","(4, 5)","(4, 6)","(3, 6)",9655,140,0,203,86,119413
"(3, 4)","(3, 4)","(3, 6)","(4, 6)",9680,141,0,206,87,120337
"(3, 4)","(3, 5)","(3, 6)","(4, 6)",9680,141,0,206,87,120337
"(3, 4)","(4, 5)","(3, 6)","(4, 6)",9680,141,0,206,87,120337
"(3, 5)","(3, 4)","(3, 6)","(4, 6)",9680,141,0,206,87,120337
"(3, 5)","(3, 5)","(3, 6)","(4, 6)",9680,141,0,206,87,120337
"(3, 5)","(4, 5)","(3, 6)","(4, 6)",9680,141,0,206,87,120337
"(4, 5)","(3, 4)","(3, 6)","(4, 6)",9680,141,0,206,87,120337
"(4, 5)","(3, 5)","(3, 6)","(4, 6)",9680,141,0,206,87,120337
"(4, 5)","(4, 5)","(3, 6)","(4, 6)",9680,141,0,206,87,120337
"(3, 4)","(3, 4)","(3, 8)","(3, 6)",6742,119,0,210,88,111326
"(3, 4)","(3, 5)","(3, 8)","(3, 6)",6742,119,0,210,88,111326
"(3, 4)","(4, 5)","(3, 8)","(3, 6)",6742,119,0,210,88,111326
"(3, 5)","(3, 4)","(3, 8)","(3, 6)",6742,119,0,210,88,111326
"(3, 5)","(3, 5)","(3, 8)","(3, 6)",6742,119,0,210,88,111326
"(3, 5)","(4, 5)","(3, 8)","(3, 6)",6742,119,0,210,88,111326
"(4, 5)","(3, 4)","(3, 8)","(3, 6)",6742,119,0,210,88,111326
"(4, 5)","(3, 5)","(3, 8)","(3, 6)",6742,119,0,210,88,111326
"(4, 5)","(4, 5)","(3, 8)","(3, 6)",6742,119,0,210,88,111326
"(3, 4)","(3, 4)","(3, 6)","(3, 8)",6832,121,0,219,89,120249
"(3, 4)","(3, 5)","(3, 6)","(3, 8)",6832,121,0,219,89,120249
"(3, 4)","(4, 5)","(3, 6)","(3, 8)",6832,121,0,219,89,120249
"(3, 5)","(3, 4)","(3, 6)","(3, 8)",6832,121,0,219,89,120249
"(3, 5)","(3, 5)","(3, 6)","(3, 8)",6832,121,0,219,89,120249
"(3, 5)","(4, 5)","(3, 6)","(3, 8)",6832,121,0,219,89,120249
"(4, 5)","(3, 4)","(3, 6)","(3, 8)",6832,121,0,219,89,120249
"(4, 5)","(3, 5)","(3, 6)","(3, 8)",6832,121,0,219,89,120249
"(4, 5)","(4, 5)","(3, 6)","(3, 8)",6832,121,0,219,89,120249
"(3, 4)","(3, 4)","(3, 6)","(3, 6)",8169,135,0,241,90,129128
"(3, 4)","(3, 5)","(3, 6)","(3, 6)",8169,135,0,241,90,129128
"(3, 4)","(4, 5)","(3, 6)","(3, 6)",8169,135,0,241,90,129128
"(3, 5)","(3, 4)","(3, 6)","(3, 6)",8169,135,0,241,90,129128
"(3, 5)","(3, 5)","(3, 6)","(3, 6)",8169,135,0,241,90,129128
"(3, 5)","(4, 5)","(3, 6)","(3, 6)",8169,135,0,241,90,129128
"(4, 5)","(3, 4)","(3, 6)","(3, 6)",8169,135,0,241,90,129128
"(4, 5)","(3, 5)","(3, 6)","(3, 6)",8169,135,0,241,90,129128
"(4, 5)","(4, 5)","(3, 6)","(3, 6)",8169,135,0,241,90,129128
